Khóa,Mã ngành,Tên ngành,Chương trình đào tạo,Mã học phần,Tên học phần,Số tín chỉ
50,7480202,An toàn thông tin,Đại trà,QP010E,Giáo dục quốc phòng và An ninh 1,2
50,7480202,An toàn thông tin,Đại trà,QP011E,Giáo dục quốc phòng và An ninh 2,2
50,7480202,An toàn thông tin,Đại trà,QP012,Giáo dục quốc phòng và An ninh 3,2
50,7480202,An toàn thông tin,Đại trà,QP013,Giáo dục quốc phòng và An ninh 4,2
50,7480202,An toàn thông tin,Đại trà,TC009,Bóng bàn 1,1
50,7480202,An toàn thông tin,Đại trà,TC010,Bóng bàn 2,1
50,7480202,An toàn thông tin,Đại trà,TC022,Bóng bàn 3,1
50,7480202,An toàn thông tin,Đại trà,TC005,Bóng chuyền 1,1
50,7480202,An toàn thông tin,Đại trà,TC006,Bóng chuyền 2,1
50,7480202,An toàn thông tin,Đại trà,TC020,Bóng chuyền 3,1
50,7480202,An toàn thông tin,Đại trà,TC007,Bóng đá 1,1
50,7480202,An toàn thông tin,Đại trà,TC008,Bóng đá 2,1
50,7480202,An toàn thông tin,Đại trà,TC021,Bóng đá 3,1
50,7480202,An toàn thông tin,Đại trà,TC028,Bóng rổ 1,1
50,7480202,An toàn thông tin,Đại trà,TC029,Bóng rổ 2,1
50,7480202,An toàn thông tin,Đại trà,TC030,Bóng rổ 3,1
50,7480202,An toàn thông tin,Đại trà,TC011,Cầu lông 1,1
50,7480202,An toàn thông tin,Đại trà,TC012,Cầu lông 2,1
50,7480202,An toàn thông tin,Đại trà,TC023,Cầu lông 3,1
50,7480202,An toàn thông tin,Đại trà,TC025,Cờ vua 1,1
50,7480202,An toàn thông tin,Đại trà,TC026,Cờ vua 2,1
50,7480202,An toàn thông tin,Đại trà,TC027,Cờ vua 3,1
50,7480202,An toàn thông tin,Đại trà,TC001,Điền kinh 1,1
50,7480202,An toàn thông tin,Đại trà,TC002,Điền kinh 2,1
50,7480202,An toàn thông tin,Đại trà,TC024,Điền kinh 3,1
50,7480202,An toàn thông tin,Đại trà,TC003,Taekwondo 1,1
50,7480202,An toàn thông tin,Đại trà,TC004,Taekwondo 2,1
50,7480202,An toàn thông tin,Đại trà,TC019,Taekwondo 3,1
50,7480202,An toàn thông tin,Đại trà,TC031,Tennis 1,1
50,7480202,An toàn thông tin,Đại trà,TC032,Tennis 2,1
50,7480202,An toàn thông tin,Đại trà,TC033,Tennis 3,1
50,7480202,An toàn thông tin,Đại trà,TC016,Thể dục nhịp điệu 1,1
50,7480202,An toàn thông tin,Đại trà,TC017,Thể dục nhịp điệu 2,1
50,7480202,An toàn thông tin,Đại trà,TC018,Thể dục nhịp điệu 3,1
50,7480202,An toàn thông tin,Đại trà,XH023,Anh văn căn bản 1,4
50,7480202,An toàn thông tin,Đại trà,XH024,Anh văn căn bản 2,3
50,7480202,An toàn thông tin,Đại trà,XH025,Anh văn căn bản 3,3
50,7480202,An toàn thông tin,Đại trà,XH031,Anh văn tăng cường 1,4
50,7480202,An toàn thông tin,Đại trà,XH032,Anh văn tăng cường 2,3
50,7480202,An toàn thông tin,Đại trà,XH033,Anh văn tăng cường 3,3
50,7480202,An toàn thông tin,Đại trà,FL001,Pháp văn căn bản 1,4
50,7480202,An toàn thông tin,Đại trà,FL002,Pháp văn căn bản 2,3
50,7480202,An toàn thông tin,Đại trà,FL003,Pháp văn căn bản 3,3
50,7480202,An toàn thông tin,Đại trà,FL007,Pháp văn tăng cường 1,4
50,7480202,An toàn thông tin,Đại trà,FL008,Pháp văn tăng cường 2,3
50,7480202,An toàn thông tin,Đại trà,FL009,Pháp văn tăng cường 3,3
50,7480202,An toàn thông tin,Đại trà,ML014,Triết học Mác - Lênin,3
50,7480202,An toàn thông tin,Đại trà,ML016,Kinh tế chính trị Mác - Lênin,2
50,7480202,An toàn thông tin,Đại trà,ML018,Chủ nghĩa xã hội khoa học,2
50,7480202,An toàn thông tin,Đại trà,ML019,Lịch sử Đảng Cộng sản Việt Nam,2
50,7480202,An toàn thông tin,Đại trà,ML021,Tư tưởng Hồ Chí Minh,2
50,7480202,An toàn thông tin,Đại trà,KL001E,Pháp luật đại cương,2
50,7480202,An toàn thông tin,Đại trà,ML007,Logic học đại cương,2
50,7480202,An toàn thông tin,Đại trà,XH028,Xã hội học đại cương,2
50,7480202,An toàn thông tin,Đại trà,XH011,Cơ sở văn hóa Việt Nam,2
50,7480202,An toàn thông tin,Đại trà,XH012,Tiếng Việt thực hành,2
50,7480202,An toàn thông tin,Đại trà,XH014,Văn bản và lưu trữ học đại cương,2
50,7480202,An toàn thông tin,Đại trà,KN001E,Kỹ năng mềm,2
50,7480202,An toàn thông tin,Đại trà,KN002E,Đổi mới sáng tạo và khởi nghiệp,2
50,7480202,An toàn thông tin,Đại trà,TN001,Vi - Tích phân A1,3
50,7480202,An toàn thông tin,Đại trà,TN002,Vi - Tích phân A2,4
50,7480202,An toàn thông tin,Đại trà,TN010,Xác suất thống kê,3
50,7480202,An toàn thông tin,Đại trà,TN012,Đại số tuyến tính và hình học,4
50,7480202,An toàn thông tin,Đại trà,CT100,Kỹ năng học đại học,2
50,7480202,An toàn thông tin,Đại trà,CT200,Nền tảng công nghệ thông tin,4
50,7480202,An toàn thông tin,Đại trà,CT172,Toán rời rạc,4
50,7480202,An toàn thông tin,Đại trà,CT101,Lập trình căn bản A,4
50,7480202,An toàn thông tin,Đại trà,CT177,Cấu trúc dữ liệu,3
50,7480202,An toàn thông tin,Đại trà,CT175,Lý thuyết đồ thị,3
50,7480202,An toàn thông tin,Đại trà,CT174,Phân tích và thiết kế thuật toán,3
50,7480202,An toàn thông tin,Đại trà,CT180,Cơ sở dữ liệu,3
50,7480202,An toàn thông tin,Đại trà,CT173,Kiến trúc máy tính,3
50,7480202,An toàn thông tin,Đại trà,CT178,Nguyên lý hệ điều hành,3
50,7480202,An toàn thông tin,Đại trà,CT112,Mạng máy tính,3
50,7480202,An toàn thông tin,Đại trà,CT176,Lập trình hướng đối tượng,3
50,7480202,An toàn thông tin,Đại trà,CT296,Phân tích và thiết kế hệ thống thông tin,3
50,7480202,An toàn thông tin,Đại trà,CT182,Ngôn ngữ mô hình hóa,3
50,7480202,An toàn thông tin,Đại trà,CT179,Quản trị hệ thống,3
50,7480202,An toàn thông tin,Đại trà,CT188,Nhập môn lập trình Web,3
50,7480202,An toàn thông tin,Đại trà,CT190,Nhập môn trí tuệ nhân tạo,2
50,7480202,An toàn thông tin,Đại trà,CT335,Thiết kế và cài đặt mạng,3
50,7480202,An toàn thông tin,Đại trà,CT428,Lập trình Web,3
50,7480202,An toàn thông tin,Đại trà,CT294,Máy học ứng dụng,3
50,7480202,An toàn thông tin,Đại trà,CT197,Cơ sở lý thuyết mật mã,3
50,7480202,An toàn thông tin,Đại trà,CT211,An ninh mạng,3
50,7480202,An toàn thông tin,Đại trà,CT485,Các kỹ thuật tấn công mạng,3
50,7480202,An toàn thông tin,Đại trà,CT297,Pháp y máy tính,3
50,7480202,An toàn thông tin,Đại trà,CT486,Phát hiện và phân tích mã độc,3
50,7480202,An toàn thông tin,Đại trà,CT228,Tường lửa,3
50,7480202,An toàn thông tin,Đại trà,CT212,Quản trị mạng,3
50,7480202,An toàn thông tin,Đại trà,CT127,Lý thuyết thông tin,2
50,7480202,An toàn thông tin,Đại trà,CT344,Giải quyết sự cố mạng,2
50,7480202,An toàn thông tin,Đại trà,CT225,Lập trình Python,2
50,7480202,An toàn thông tin,Đại trà,CT221,Lập trình mạng,3
50,7480202,An toàn thông tin,Đại trà,CT274,Lập trình cho thiết bị di động,3
50,7480202,An toàn thông tin,Đại trà,CT279,Blockchain,3
50,7480202,An toàn thông tin,Đại trà,CT098,Phát triển ứng dụng IoT,3
50,7480202,An toàn thông tin,Đại trà,CT488,Bảo mật hệ thống IoT,2
50,7480202,An toàn thông tin,Đại trà,CT489,Luật an ninh mạng và đạo đức trong lĩnh vực CNTT,2
50,7480202,An toàn thông tin,Đại trà,CT490,An ninh Web,3
50,7480202,An toàn thông tin,Đại trà,CT491E,Niên luận cơ sở an toàn thông tin,3
50,7480202,An toàn thông tin,Đại trà,CT492E,Niên luận an toàn thông tin,3
50,7480202,An toàn thông tin,Đại trà,CT493E,Thực tập doanh nghiệp - An toàn thông tin,5
50,7480202,An toàn thông tin,Đại trà,CT556E,Luận văn tốt nghiệp - ATTT,15
50,7480202,An toàn thông tin,Đại trà,CT520E,Tiểu luận tốt nghiệp - ATTT,6
50,7480202,An toàn thông tin,Đại trà,CT338,Mạng không dây và di động,2
50,7480202,An toàn thông tin,Đại trà,CT232,Đánh giá hiệu năng mạng,3
50,7480202,An toàn thông tin,Đại trà,CT233,Điện toán đám mây,3
50,7480202,An toàn thông tin,Đại trà,CT207,Phát triển phần mềm mã nguồn mở,3
50,7480202,An toàn thông tin,Đại trà,CT223,Quản lý dự án phần mềm,3
50,7480202,An toàn thông tin,Đại trà,CT235,Quản trị mạng trên MS Windows,3
50,7480202,An toàn thông tin,Đại trà,CT467,Quản trị dữ liệu,3
50,7480202,An toàn thông tin,Đại trà,CT251,Phát triển ứng dụng trên Windows,3
50,7480202,An toàn thông tin,Đại trà,CT206,Phát triển ứng dụng trên Linux,3
50,7480202,An toàn thông tin,Đại trà,CT230,Phát triển ứng dụng hướng dịch vụ,3
50,7480202,An toàn thông tin,Đại trà,CT238,Phân lớp dữ liệu lớn,3
50,7480202,An toàn thông tin,Đại trà,CT482,Xử lý dữ liệu lớn,3
50,7480202,An toàn thông tin,Đại trà,CT332,Trí tuệ nhân tạo,3
50,7480202,An toàn thông tin,Đại trà,CT273,Giao diện người - máy,3
50,7480201,Công nghệ thông tin,Đại trà,QP010E,Giáo dục quốc phòng và An ninh 1,2
50,7480201,Công nghệ thông tin,Đại trà,QP011E,Giáo dục quốc phòng và An ninh 2,2
50,7480201,Công nghệ thông tin,Đại trà,QP012,Giáo dục quốc phòng và An ninh 3,2
50,7480201,Công nghệ thông tin,Đại trà,QP013,Giáo dục quốc phòng và An ninh 4,2
50,7480201,Công nghệ thông tin,Đại trà,TC009,Bóng bàn 1,1
50,7480201,Công nghệ thông tin,Đại trà,TC010,Bóng bàn 2,1
50,7480201,Công nghệ thông tin,Đại trà,TC022,Bóng bàn 3,1
50,7480201,Công nghệ thông tin,Đại trà,TC005,Bóng chuyền 1,1
50,7480201,Công nghệ thông tin,Đại trà,TC006,Bóng chuyền 2,1
50,7480201,Công nghệ thông tin,Đại trà,TC020,Bóng chuyền 3,1
50,7480201,Công nghệ thông tin,Đại trà,TC007,Bóng đá 1,1
50,7480201,Công nghệ thông tin,Đại trà,TC008,Bóng đá 2,1
50,7480201,Công nghệ thông tin,Đại trà,TC021,Bóng đá 3,1
50,7480201,Công nghệ thông tin,Đại trà,TC028,Bóng rổ 1,1
50,7480201,Công nghệ thông tin,Đại trà,TC029,Bóng rổ 2,1
50,7480201,Công nghệ thông tin,Đại trà,TC030,Bóng rổ 3,1
50,7480201,Công nghệ thông tin,Đại trà,TC011,Cầu lông 1,1
50,7480201,Công nghệ thông tin,Đại trà,TC012,Cầu lông 2,1
50,7480201,Công nghệ thông tin,Đại trà,TC023,Cầu lông 3,1
50,7480201,Công nghệ thông tin,Đại trà,TC025,Cờ vua 1,1
50,7480201,Công nghệ thông tin,Đại trà,TC026,Cờ vua 2,1
50,7480201,Công nghệ thông tin,Đại trà,TC027,Cờ vua 3,1
50,7480201,Công nghệ thông tin,Đại trà,TC001,Điền kinh 1,1
50,7480201,Công nghệ thông tin,Đại trà,TC002,Điền kinh 2,1
50,7480201,Công nghệ thông tin,Đại trà,TC024,Điền kinh 3,1
50,7480201,Công nghệ thông tin,Đại trà,TC003,Taekwondo 1,1
50,7480201,Công nghệ thông tin,Đại trà,TC004,Taekwondo 2,1
50,7480201,Công nghệ thông tin,Đại trà,TC019,Taekwondo 3,1
50,7480201,Công nghệ thông tin,Đại trà,TC031,Tennis 1,1
50,7480201,Công nghệ thông tin,Đại trà,TC032,Tennis 2,1
50,7480201,Công nghệ thông tin,Đại trà,TC033,Tennis 3,1
50,7480201,Công nghệ thông tin,Đại trà,TC016,Thể dục nhịp điệu 1,1
50,7480201,Công nghệ thông tin,Đại trà,TC017,Thể dục nhịp điệu 2,1
50,7480201,Công nghệ thông tin,Đại trà,TC018,Thể dục nhịp điệu 3,1
50,7480201,Công nghệ thông tin,Đại trà,XH023,Anh văn căn bản 1,4
50,7480201,Công nghệ thông tin,Đại trà,XH024,Anh văn căn bản 2,3
50,7480201,Công nghệ thông tin,Đại trà,XH025,Anh văn căn bản 3,3
50,7480201,Công nghệ thông tin,Đại trà,XH031,Anh văn tăng cường 1,4
50,7480201,Công nghệ thông tin,Đại trà,XH032,Anh văn tăng cường 2,3
50,7480201,Công nghệ thông tin,Đại trà,XH033,Anh văn tăng cường 3,3
50,7480201,Công nghệ thông tin,Đại trà,FL001,Pháp văn căn bản 1,4
50,7480201,Công nghệ thông tin,Đại trà,FL002,Pháp văn căn bản 2,3
50,7480201,Công nghệ thông tin,Đại trà,FL003,Pháp văn căn bản 3,3
50,7480201,Công nghệ thông tin,Đại trà,FL007,Pháp văn tăng cường 1,4
50,7480201,Công nghệ thông tin,Đại trà,FL008,Pháp văn tăng cường 2,3
50,7480201,Công nghệ thông tin,Đại trà,FL009,Pháp văn tăng cường 3,3
50,7480201,Công nghệ thông tin,Đại trà,TN033,Tin học căn bản,1
50,7480201,Công nghệ thông tin,Đại trà,TN034,Thực hành Tin học căn bản,2
50,7480201,Công nghệ thông tin,Đại trà,ML014,Triết học Mác - Lênin,3
50,7480201,Công nghệ thông tin,Đại trà,ML016,Kinh tế chính trị Mác - Lênin,2
50,7480201,Công nghệ thông tin,Đại trà,ML018,Chủ nghĩa xã hội khoa học,2
50,7480201,Công nghệ thông tin,Đại trà,ML019,Lịch sử Đảng Cộng sản Việt Nam,2
50,7480201,Công nghệ thông tin,Đại trà,ML021,Tư tưởng Hồ Chí Minh,2
50,7480201,Công nghệ thông tin,Đại trà,KL001E,Pháp luật đại cương,2
50,7480201,Công nghệ thông tin,Đại trà,ML007,Logic học đại cương,2
50,7480201,Công nghệ thông tin,Đại trà,XH028,Xã hội học đại cương,2
50,7480201,Công nghệ thông tin,Đại trà,XH011E,Cơ sở văn hóa Việt Nam,2
50,7480201,Công nghệ thông tin,Đại trà,XH012,Tiếng Việt thực hành,2
50,7480201,Công nghệ thông tin,Đại trà,XH014,Văn bản và lưu trữ học đại cương,2
50,7480201,Công nghệ thông tin,Đại trà,KN001E,Kỹ năng mềm,2
50,7480201,Công nghệ thông tin,Đại trà,KN002E,Đổi mới sáng tạo và khởi nghiệp,2
50,7480201,Công nghệ thông tin,Đại trà,TN001,Vi - Tích phân A1,3
50,7480201,Công nghệ thông tin,Đại trà,TN002,Vi - Tích phân A2,4
50,7480201,Công nghệ thông tin,Đại trà,TN010,Xác suất thống kê,3
50,7480201,Công nghệ thông tin,Đại trà,TN012,Đại số tuyến tính và Hình học,4
50,7480201,Công nghệ thông tin,Đại trà,CT100,Kỹ năng học đại học,2
50,7480201,Công nghệ thông tin,Đại trà,CT200,Nền tảng công nghệ thông tin,4
50,7480201,Công nghệ thông tin,Đại trà,CT101,Lập trình căn bản A,4
50,7480201,Công nghệ thông tin,Đại trà,CT177,Cấu trúc dữ liệu,3
50,7480201,Công nghệ thông tin,Đại trà,CT174,Phân tích và thiết kế thuật toán,3
50,7480201,Công nghệ thông tin,Đại trà,CT172,Toán rời rạc,4
50,7480201,Công nghệ thông tin,Đại trà,CT175,Lý thuyết đồ thị,3
50,7480201,Công nghệ thông tin,Đại trà,CT190,Nhập môn trí tuệ nhân tạo,2
50,7480201,Công nghệ thông tin,Đại trà,CT180,Cơ sở dữ liệu,3
50,7480201,Công nghệ thông tin,Đại trà,CT182,Ngôn ngữ mô hình hóa,3
50,7480201,Công nghệ thông tin,Đại trà,CT296,Phân tích và thiết kế hệ thống thông tin,3
50,7480201,Công nghệ thông tin,Đại trà,CT173,Kiến trúc máy tính,3
50,7480201,Công nghệ thông tin,Đại trà,CT178,Nguyên lý hệ điều hành,3
50,7480201,Công nghệ thông tin,Đại trà,CT112,Mạng máy tính,3
50,7480201,Công nghệ thông tin,Đại trà,CT176,Lập trình hướng đối tượng,3
50,7480201,Công nghệ thông tin,Đại trà,CT179,Quản trị hệ thống,3
50,7480201,Công nghệ thông tin,Đại trà,CT188,Nhập môn lập trình web,3
50,7480201,Công nghệ thông tin,Đại trà,CT271E,Niên luận cơ sở - CNTT,3
50,7480201,Công nghệ thông tin,Đại trà,CT273,Giao diện người - máy,3
50,7480201,Công nghệ thông tin,Đại trà,CT294,Máy học ứng dụng,3
50,7480201,Công nghệ thông tin,Đại trà,CT202,Nguyên lý máy học,3
50,7480201,Công nghệ thông tin,Đại trà,CT467,Quản trị dữ liệu,3
50,7480201,Công nghệ thông tin,Đại trà,CT293,Mạng và truyền thông dữ liệu,3
50,7480201,Công nghệ thông tin,Đại trà,CT275,Công nghệ Web,3
50,7480201,Công nghệ thông tin,Đại trà,CT300,Phát triển phần mềm,3
50,7480201,Công nghệ thông tin,Đại trà,CT223,Quản lý dự án phần mềm,3
50,7480201,Công nghệ thông tin,Đại trà,CT222,An toàn hệ thống,3
50,7480201,Công nghệ thông tin,Đại trà,CT211,An ninh mạng,3
50,7480201,Công nghệ thông tin,Đại trà,CT297,Pháp y máy tính,3
50,7480201,Công nghệ thông tin,Đại trà,CT449,Phát triển ứng dụng Web,3
50,7480201,Công nghệ thông tin,Đại trà,CT484,Phát triển ứng dụng di động,3
50,7480201,Công nghệ thông tin,Đại trà,CT522,Nền tảng về internet vạn vật,3
50,7480201,Công nghệ thông tin,Đại trà,CT279,Blockchain,3
50,7480201,Công nghệ thông tin,Đại trà,CT466E,Niên luận - CNTT,3
50,7480201,Công nghệ thông tin,Đại trà,CT518E,Thực tập doanh nghiệp - CNTT,5
50,7480201,Công nghệ thông tin,Đại trà,CT550E,Luận văn tốt nghiệp - CNTT,15
50,7480201,Công nghệ thông tin,Đại trà,CT501E,Tiểu luận tốt nghiệp - CNTT,6
50,7480201,Công nghệ thông tin,Đại trà,CT478,Trung tâm dữ liệu,3
50,7480201,Công nghệ thông tin,Đại trà,CT283,Hệ thống chịu lỗi,3
50,7480201,Công nghệ thông tin,Đại trà,CT233,Điện toán đám mây,3
50,7480201,Công nghệ thông tin,Đại trà,CT482,Xử lý dữ liệu lớn,3
50,7480201,Công nghệ thông tin,Đại trà,CT210,Thị giác máy tính,3
50,7480201,Công nghệ thông tin,Đại trà,CT219,Xử lý ngôn ngữ tự nhiên,3
50,7480201,Công nghệ thông tin,Đại trà,CT312,Khai khoáng dữ liệu,3
50,7480201C,Công nghệ thông tin (chương trình chất lượng cao),Chất lượng cao,FL010H,Nghe nói và ngữ âm thực hành,4
50,7480201C,Công nghệ thông tin (chương trình chất lượng cao),Chất lượng cao,FL011H,Đọc hiểu,3
50,7480201C,Công nghệ thông tin (chương trình chất lượng cao),Chất lượng cao,FL012H,Viết,3
50,7480201C,Công nghệ thông tin (chương trình chất lượng cao),Chất lượng cao,FL013H,Ngữ pháp ứng dụng,2
50,7480201C,Công nghệ thông tin (chương trình chất lượng cao),Chất lượng cao,FL014H,Kỹ năng thuyết trình,3
50,7480201C,Công nghệ thông tin (chương trình chất lượng cao),Chất lượng cao,FL100H,Thi đánh giá năng lực tiếng Anh,2
50,7480201C,Công nghệ thông tin (chương trình chất lượng cao),Chất lượng cao,QP010E,Giáo dục quốc phòng và An ninh 1,2
50,7480201C,Công nghệ thông tin (chương trình chất lượng cao),Chất lượng cao,QP011E,Giáo dục quốc phòng và An ninh 2,2
50,7480201C,Công nghệ thông tin (chương trình chất lượng cao),Chất lượng cao,QP012,Giáo dục quốc phòng và An ninh 3,2
50,7480201C,Công nghệ thông tin (chương trình chất lượng cao),Chất lượng cao,QP013,Giáo dục quốc phòng và An ninh 4,2
50,7480201C,Công nghệ thông tin (chương trình chất lượng cao),Chất lượng cao,TC009,Bóng bàn 1,1
50,7480201C,Công nghệ thông tin (chương trình chất lượng cao),Chất lượng cao,TC010,Bóng bàn 2,1
50,7480201C,Công nghệ thông tin (chương trình chất lượng cao),Chất lượng cao,TC022,Bóng bàn 3,1
50,7480201C,Công nghệ thông tin (chương trình chất lượng cao),Chất lượng cao,TC005,Bóng chuyền 1,1
50,7480201C,Công nghệ thông tin (chương trình chất lượng cao),Chất lượng cao,TC006,Bóng chuyền 2,1
50,7480201C,Công nghệ thông tin (chương trình chất lượng cao),Chất lượng cao,TC020,Bóng chuyền 3,1
50,7480201C,Công nghệ thông tin (chương trình chất lượng cao),Chất lượng cao,TC007,Bóng đá 1,1
50,7480201C,Công nghệ thông tin (chương trình chất lượng cao),Chất lượng cao,TC008,Bóng đá 2,1
50,7480201C,Công nghệ thông tin (chương trình chất lượng cao),Chất lượng cao,TC021,Bóng đá 3,1
50,7480201C,Công nghệ thông tin (chương trình chất lượng cao),Chất lượng cao,TC028,Bóng rổ 1,1
50,7480201C,Công nghệ thông tin (chương trình chất lượng cao),Chất lượng cao,TC029,Bóng rổ 2,1
50,7480201C,Công nghệ thông tin (chương trình chất lượng cao),Chất lượng cao,TC030,Bóng rổ 3,1
50,7480201C,Công nghệ thông tin (chương trình chất lượng cao),Chất lượng cao,TC011,Cầu lông 1,1
50,7480201C,Công nghệ thông tin (chương trình chất lượng cao),Chất lượng cao,TC012,Cầu lông 2,1
50,7480201C,Công nghệ thông tin (chương trình chất lượng cao),Chất lượng cao,TC023,Cầu lông 3,1
50,7480201C,Công nghệ thông tin (chương trình chất lượng cao),Chất lượng cao,TC025,Cờ vua 1,1
50,7480201C,Công nghệ thông tin (chương trình chất lượng cao),Chất lượng cao,TC026,Cờ vua 2,1
50,7480201C,Công nghệ thông tin (chương trình chất lượng cao),Chất lượng cao,TC027,Cờ vua 3,1
50,7480201C,Công nghệ thông tin (chương trình chất lượng cao),Chất lượng cao,TC001,Điền kinh 1,1
50,7480201C,Công nghệ thông tin (chương trình chất lượng cao),Chất lượng cao,TC002,Điền kinh 2,1
50,7480201C,Công nghệ thông tin (chương trình chất lượng cao),Chất lượng cao,TC024,Điền kinh 3,1
50,7480201C,Công nghệ thông tin (chương trình chất lượng cao),Chất lượng cao,TC003,Taekwondo 1,1
50,7480201C,Công nghệ thông tin (chương trình chất lượng cao),Chất lượng cao,TC004,Taekwondo 2,1
50,7480201C,Công nghệ thông tin (chương trình chất lượng cao),Chất lượng cao,TC019,Taekwondo 3,1
50,7480201C,Công nghệ thông tin (chương trình chất lượng cao),Chất lượng cao,TC031,Tennis 1,1
50,7480201C,Công nghệ thông tin (chương trình chất lượng cao),Chất lượng cao,TC032,Tennis 2,1
50,7480201C,Công nghệ thông tin (chương trình chất lượng cao),Chất lượng cao,TC033,Tennis 3,1
50,7480201C,Công nghệ thông tin (chương trình chất lượng cao),Chất lượng cao,TC016,Thể dục nhịp điệu 1,1
50,7480201C,Công nghệ thông tin (chương trình chất lượng cao),Chất lượng cao,TC017,Thể dục nhịp điệu 2,1
50,7480201C,Công nghệ thông tin (chương trình chất lượng cao),Chất lượng cao,TC018,Thể dục nhịp điệu 3,1
50,7480201C,Công nghệ thông tin (chương trình chất lượng cao),Chất lượng cao,ML014,Triết học Mác - Lênin,3
50,7480201C,Công nghệ thông tin (chương trình chất lượng cao),Chất lượng cao,ML016,Kinh tế chính trị Mác - Lênin,2
50,7480201C,Công nghệ thông tin (chương trình chất lượng cao),Chất lượng cao,ML018,Chủ nghĩa xã hội khoa học,2
50,7480201C,Công nghệ thông tin (chương trình chất lượng cao),Chất lượng cao,ML019,Lịch sử Đảng Cộng sản Việt Nam,2
50,7480201C,Công nghệ thông tin (chương trình chất lượng cao),Chất lượng cao,ML021,Tư tưởng Hồ Chí Minh,2
50,7480201C,Công nghệ thông tin (chương trình chất lượng cao),Chất lượng cao,KL001E,Pháp luật đại cương,2
50,7480201C,Công nghệ thông tin (chương trình chất lượng cao),Chất lượng cao,ML007,Logic học đại cương,2
50,7480201C,Công nghệ thông tin (chương trình chất lượng cao),Chất lượng cao,XH011,Cơ sở văn hóa Việt Nam,2
50,7480201C,Công nghệ thông tin (chương trình chất lượng cao),Chất lượng cao,XH012,Tiếng Việt thực hành,2
50,7480201C,Công nghệ thông tin (chương trình chất lượng cao),Chất lượng cao,XH014,Văn bản và lưu trữ học đại cương,2
50,7480201C,Công nghệ thông tin (chương trình chất lượng cao),Chất lượng cao,XH028,Xã hội học đại cương,2
50,7480201C,Công nghệ thông tin (chương trình chất lượng cao),Chất lượng cao,KN001E,Kỹ năng mềm,2
50,7480201C,Công nghệ thông tin (chương trình chất lượng cao),Chất lượng cao,TN033H,Tin học căn bản,1
50,7480201C,Công nghệ thông tin (chương trình chất lượng cao),Chất lượng cao,TN034H,Thực hành Tin học căn bản,2
50,7480201C,Công nghệ thông tin (chương trình chất lượng cao),Chất lượng cao,CT051H,Vi - Tích phân,4
50,7480201C,Công nghệ thông tin (chương trình chất lượng cao),Chất lượng cao,CT052H,Đại số tuyến tính và hình học,3
50,7480201C,Công nghệ thông tin (chương trình chất lượng cao),Chất lượng cao,CT053H,Xác suất thống kê,3
50,7480201C,Công nghệ thông tin (chương trình chất lượng cao),Chất lượng cao,CT054H,Lập trình căn bản A,4
50,7480201C,Công nghệ thông tin (chương trình chất lượng cao),Chất lượng cao,CT101H,Toán cho khoa học máy tính,4
50,7480201C,Công nghệ thông tin (chương trình chất lượng cao),Chất lượng cao,CT102H,Cấu trúc dữ liệu,4
50,7480201C,Công nghệ thông tin (chương trình chất lượng cao),Chất lượng cao,CT103H,Nền tảng công nghệ thông tin,3
50,7480201C,Công nghệ thông tin (chương trình chất lượng cao),Chất lượng cao,CT104H,Nguyên lý hệ điều hành,3
50,7480201C,Công nghệ thông tin (chương trình chất lượng cao),Chất lượng cao,CT105H,Quản trị hệ thống,3
50,7480201C,Công nghệ thông tin (chương trình chất lượng cao),Chất lượng cao,CT106H,Mạng máy tính,3
50,7480201C,Công nghệ thông tin (chương trình chất lượng cao),Chất lượng cao,CT107H,Nhập môn công nghệ phần mềm,3
50,7480201C,Công nghệ thông tin (chương trình chất lượng cao),Chất lượng cao,CT108H,Lập trình hướng đối tượng,3
50,7480201C,Công nghệ thông tin (chương trình chất lượng cao),Chất lượng cao,CT109H,Phân tích và thiết kế thuật toán,3
50,7480201C,Công nghệ thông tin (chương trình chất lượng cao),Chất lượng cao,CT110H,Cơ sở dữ liệu,3
50,7480201C,Công nghệ thông tin (chương trình chất lượng cao),Chất lượng cao,CT111H,Kỹ năng học đại học,3
50,7480201C,Công nghệ thông tin (chương trình chất lượng cao),Chất lượng cao,CT112H,Phân tích và thiết kế hệ thống,3
50,7480201C,Công nghệ thông tin (chương trình chất lượng cao),Chất lượng cao,CT201H,An ninh máy tính,3
50,7480201C,Công nghệ thông tin (chương trình chất lượng cao),Chất lượng cao,CT202H,Tương tác người máy,3
50,7480201C,Công nghệ thông tin (chương trình chất lượng cao),Chất lượng cao,CT203H,Quản lý dự án phần mềm,3
50,7480201C,Công nghệ thông tin (chương trình chất lượng cao),Chất lượng cao,CT204H,Điện toán đám mây,3
50,7480201C,Công nghệ thông tin (chương trình chất lượng cao),Chất lượng cao,CT205H,Nguyên lý máy học,3
50,7480201C,Công nghệ thông tin (chương trình chất lượng cao),Chất lượng cao,CT206H,Nguyên lý hệ quản trị cơ sở dữ liệu,3
50,7480201C,Công nghệ thông tin (chương trình chất lượng cao),Chất lượng cao,CT207H,Hệ quản trị cơ sở dữ liệu SQL Server,3
50,7480201C,Công nghệ thông tin (chương trình chất lượng cao),Chất lượng cao,CT208H,Hệ quản trị cơ sở dữ liệu Oracle,3
50,7480201C,Công nghệ thông tin (chương trình chất lượng cao),Chất lượng cao,CT209H,Quản trị mạng trên MS Windows,3
50,7480201C,Công nghệ thông tin (chương trình chất lượng cao),Chất lượng cao,CT210H,Quản trị mạng Linux,3
50,7480201C,Công nghệ thông tin (chương trình chất lượng cao),Chất lượng cao,CT211H,Phát triển ứng dụng trên Linux,3
50,7480201C,Công nghệ thông tin (chương trình chất lượng cao),Chất lượng cao,CT212H,Phát triển ứng dụng trên Windows,3
50,7480201C,Công nghệ thông tin (chương trình chất lượng cao),Chất lượng cao,CT213H,Phát triển phần mềm mã nguồn mở,3
50,7480201C,Công nghệ thông tin (chương trình chất lượng cao),Chất lượng cao,CT214H,Lập trình Web,3
50,7480201C,Công nghệ thông tin (chương trình chất lượng cao),Chất lượng cao,CT215H,Thực tập thực tế,2
50,7480201C,Công nghệ thông tin (chương trình chất lượng cao),Chất lượng cao,CT216H,Niên luận cơ sở,3
50,7480201C,Công nghệ thông tin (chương trình chất lượng cao),Chất lượng cao,CT501H,Niên luận chuyên ngành,3
50,7480201C,Công nghệ thông tin (chương trình chất lượng cao),Chất lượng cao,CT550H,Luận văn tốt nghiệp - CNTTCLC,15
50,7480201C,Công nghệ thông tin (chương trình chất lượng cao),Chất lượng cao,CT301H,An ninh mạng,3
50,7480201C,Công nghệ thông tin (chương trình chất lượng cao),Chất lượng cao,CT302H,Thiết kế và cài đặt mạng,3
50,7480201C,Công nghệ thông tin (chương trình chất lượng cao),Chất lượng cao,CT303H,Quản trị mạng Windows nâng cao,3
50,7480201C,Công nghệ thông tin (chương trình chất lượng cao),Chất lượng cao,CT304H,Quản trị mạng Linux nâng cao,3
50,7480201C,Công nghệ thông tin (chương trình chất lượng cao),Chất lượng cao,CT305H,Lập trình mạng,3
50,7480201C,Công nghệ thông tin (chương trình chất lượng cao),Chất lượng cao,CT306H,Lập trình song song,3
50,7480201C,Công nghệ thông tin (chương trình chất lượng cao),Chất lượng cao,CT307H,Mạng không dây và mạng di động,3
50,7480201C,Công nghệ thông tin (chương trình chất lượng cao),Chất lượng cao,CT308H,Thương mại điện tử,3
50,7480201C,Công nghệ thông tin (chương trình chất lượng cao),Chất lượng cao,CT309H,Hệ thống hoạch định nguồn lực doanh nghiệp,3
50,7480201C,Công nghệ thông tin (chương trình chất lượng cao),Chất lượng cao,CT310H,Phát triển ứng dụng chuyên nghiệp với .NET,3
50,7480201C,Công nghệ thông tin (chương trình chất lượng cao),Chất lượng cao,CT311H,Phát triển ứng dụng Java,3
50,7480201C,Công nghệ thông tin (chương trình chất lượng cao),Chất lượng cao,CT312H,Lập trình cho các thiết bị di động,3
50,7480201C,Công nghệ thông tin (chương trình chất lượng cao),Chất lượng cao,CT313H,Công nghệ và dịch vụ Web,3
50,7480201C,Công nghệ thông tin (chương trình chất lượng cao),Chất lượng cao,CT314H,Quy trình và công cụ phát triển phần mềm,3
50,7480201C,Công nghệ thông tin (chương trình chất lượng cao),Chất lượng cao,CT055H,Kỹ năng giao tiếp,1
50,7480201C,Công nghệ thông tin (chương trình chất lượng cao),Chất lượng cao,CT056H,Kỹ năng thuyết trình,1
50,7480201C,Công nghệ thông tin (chương trình chất lượng cao),Chất lượng cao,CT057H,Kỹ năng làm việc nhóm,1
50,7480201C,Công nghệ thông tin (chương trình chất lượng cao),Chất lượng cao,CT058H,Kỹ năng giải quyết vấn đề,1
50,7480201C,Công nghệ thông tin (chương trình chất lượng cao),Chất lượng cao,CT059H,Kỹ năng tư duy phản biện,1
50,7480104,Hệ thống thông tin,Đại trà,FL010H,Nghe nói và ngữ âm thực hành,4
50,7480104,Hệ thống thông tin,Đại trà,FL011H,Đọc hiểu,3
50,7480104,Hệ thống thông tin,Đại trà,FL012H,Viết,3
50,7480104,Hệ thống thông tin,Đại trà,FL013H,Ngữ pháp ứng dụng,2
50,7480104,Hệ thống thông tin,Đại trà,FL014H,Kỹ năng thuyết trình,3
50,7480104,Hệ thống thông tin,Đại trà,FL100H,Thi đánh giá năng lực tiếng Anh,2
50,7480104,Hệ thống thông tin,Đại trà,QP010E,Giáo dục quốc phòng và An ninh 1,2
50,7480104,Hệ thống thông tin,Đại trà,QP011E,Giáo dục quốc phòng và An ninh 2,2
50,7480104,Hệ thống thông tin,Đại trà,QP012,Giáo dục quốc phòng và An ninh 3,2
50,7480104,Hệ thống thông tin,Đại trà,QP013,Giáo dục quốc phòng và An ninh 4,2
50,7480104,Hệ thống thông tin,Đại trà,TC009,Bóng bàn 1,1
50,7480104,Hệ thống thông tin,Đại trà,TC010,Bóng bàn 2,1
50,7480104,Hệ thống thông tin,Đại trà,TC022,Bóng bàn 3,1
50,7480104,Hệ thống thông tin,Đại trà,TC005,Bóng chuyền 1,1
50,7480104,Hệ thống thông tin,Đại trà,TC006,Bóng chuyền 2,1
50,7480104,Hệ thống thông tin,Đại trà,TC020,Bóng chuyền 3,1
50,7480104,Hệ thống thông tin,Đại trà,TC007,Bóng đá 1,1
50,7480104,Hệ thống thông tin,Đại trà,TC008,Bóng đá 2,1
50,7480104,Hệ thống thông tin,Đại trà,TC021,Bóng đá 3,1
50,7480104,Hệ thống thông tin,Đại trà,TC028,Bóng rổ 1,1
50,7480104,Hệ thống thông tin,Đại trà,TC029,Bóng rổ 2,1
50,7480104,Hệ thống thông tin,Đại trà,TC030,Bóng rổ 3,1
50,7480104,Hệ thống thông tin,Đại trà,TC011,Cầu lông 1,1
50,7480104,Hệ thống thông tin,Đại trà,TC012,Cầu lông 2,1
50,7480104,Hệ thống thông tin,Đại trà,TC023,Cầu lông 3,1
50,7480104,Hệ thống thông tin,Đại trà,TC025,Cờ vua 1,1
50,7480104,Hệ thống thông tin,Đại trà,TC026,Cờ vua 2,1
50,7480104,Hệ thống thông tin,Đại trà,TC027,Cờ vua 3,1
50,7480104,Hệ thống thông tin,Đại trà,TC001,Điền kinh 1,1
50,7480104,Hệ thống thông tin,Đại trà,TC002,Điền kinh 2,1
50,7480104,Hệ thống thông tin,Đại trà,TC024,Điền kinh 3,1
50,7480104,Hệ thống thông tin,Đại trà,TC003,Taekwondo 1,1
50,7480104,Hệ thống thông tin,Đại trà,TC004,Taekwondo 2,1
50,7480104,Hệ thống thông tin,Đại trà,TC019,Taekwondo 3,1
50,7480104,Hệ thống thông tin,Đại trà,TC031,Tennis 1,1
50,7480104,Hệ thống thông tin,Đại trà,TC032,Tennis 2,1
50,7480104,Hệ thống thông tin,Đại trà,TC033,Tennis 3,1
50,7480104,Hệ thống thông tin,Đại trà,TC016,Thể dục nhịp điệu 1,1
50,7480104,Hệ thống thông tin,Đại trà,TC017,Thể dục nhịp điệu 2,1
50,7480104,Hệ thống thông tin,Đại trà,TC018,Thể dục nhịp điệu 3,1
50,7480104,Hệ thống thông tin,Đại trà,XH023,Anh văn căn bản 1,4
50,7480104,Hệ thống thông tin,Đại trà,XH024,Anh văn căn bản 2,3
50,7480104,Hệ thống thông tin,Đại trà,XH025,Anh văn căn bản 3,3
50,7480104,Hệ thống thông tin,Đại trà,XH031,Anh văn tăng cường 1,4
50,7480104,Hệ thống thông tin,Đại trà,XH032,Anh văn tăng cường 2,3
50,7480104,Hệ thống thông tin,Đại trà,XH033,Anh văn tăng cường 3,3
50,7480104,Hệ thống thông tin,Đại trà,FL001,Pháp văn căn bản 1,4
50,7480104,Hệ thống thông tin,Đại trà,FL002,Pháp văn căn bản 2,3
50,7480104,Hệ thống thông tin,Đại trà,FL003,Pháp văn căn bản 3,3
50,7480104,Hệ thống thông tin,Đại trà,FL007,Pháp văn tăng cường 1,4
50,7480104,Hệ thống thông tin,Đại trà,FL008,Pháp văn tăng cường 2,3
50,7480104,Hệ thống thông tin,Đại trà,FL009,Pháp văn tăng cường 3,3
50,7480104,Hệ thống thông tin,Đại trà,ML014,Triết học Mác - Lênin,3
50,7480104,Hệ thống thông tin,Đại trà,ML016,Kinh tế chính trị Mác - Lênin,2
50,7480104,Hệ thống thông tin,Đại trà,ML018,Chủ nghĩa xã hội khoa học,2
50,7480104,Hệ thống thông tin,Đại trà,ML019,Lịch sử Đảng Cộng sản Việt Nam,2
50,7480104,Hệ thống thông tin,Đại trà,ML021,Tư tưởng Hồ Chí Minh,2
50,7480104,Hệ thống thông tin,Đại trà,KL001E,Pháp luật đại cương,2
50,7480104,Hệ thống thông tin,Đại trà,ML007,Logic học đại cương,2
50,7480104,Hệ thống thông tin,Đại trà,XH028,Xã hội học đại cương,2
50,7480104,Hệ thống thông tin,Đại trà,XH011,Cơ sở văn hóa Việt Nam,2
50,7480104,Hệ thống thông tin,Đại trà,XH012,Tiếng Việt thực hành,2
50,7480104,Hệ thống thông tin,Đại trà,XH014,Văn bản và lưu trữ học đại cương,2
50,7480104,Hệ thống thông tin,Đại trà,KN001E,Kỹ năng mềm,2
50,7480104,Hệ thống thông tin,Đại trà,KN002E,Đổi mới sáng tạo và khởi nghiệp,2
50,7480104,Hệ thống thông tin,Đại trà,TN001,Vi - Tích phân A1,3
50,7480104,Hệ thống thông tin,Đại trà,TN002,Vi - Tích phân A2,4
50,7480104,Hệ thống thông tin,Đại trà,TN010,Xác suất thống kê,3
50,7480104,Hệ thống thông tin,Đại trà,TN012,Đại số tuyến tính và hình học,4
50,7480104,Hệ thống thông tin,Đại trà,CT100,Kỹ năng học đại học,2
50,7480104,Hệ thống thông tin,Đại trà,CT200,Nền tảng công nghệ thông tin,4
50,7480104,Hệ thống thông tin,Đại trà,CT101,Lập trình căn bản A,4
50,7480104,Hệ thống thông tin,Đại trà,CT177,Cấu trúc dữ liệu,3
50,7480104,Hệ thống thông tin,Đại trà,CT174,Phân tích và thiết kế thuật toán,3
50,7480104,Hệ thống thông tin,Đại trà,CT172,Toán rời rạc,4
50,7480104,Hệ thống thông tin,Đại trà,CT175,Lý Thuyết đồ thị,3
50,7480104,Hệ thống thông tin,Đại trà,CT190,Nhập môn trí tuệ nhân tạo,2
50,7480104,Hệ thống thông tin,Đại trà,CT180,Cơ sở dữ liệu,3
50,7480104,Hệ thống thông tin,Đại trà,CT182,Ngôn ngữ mô hình hóa,3
50,7480104,Hệ thống thông tin,Đại trà,CT296,Phân tích và thiết kế hệ thống thông tin,3
50,7480104,Hệ thống thông tin,Đại trà,CT173,Kiến trúc máy tính,3
50,7480104,Hệ thống thông tin,Đại trà,CT178,Nguyên lý hệ điều hành,3
50,7480104,Hệ thống thông tin,Đại trà,CT112,Mạng máy tính,3
50,7480104,Hệ thống thông tin,Đại trà,CT176,Lập trình hướng đối tượng,3
50,7480104,Hệ thống thông tin,Đại trà,CT179,Quản trị hệ thống,3
50,7480104,Hệ thống thông tin,Đại trà,CT188,Nhập môn lập trình web,3
50,7480104,Hệ thống thông tin,Đại trà,CT252E,Niên luận cơ sở ngành hệ thống thông tin,3
50,7480104,Hệ thống thông tin,Đại trà,CT205,Quản trị cơ sở dữ liệu,3
50,7480104,Hệ thống thông tin,Đại trà,CT430,Phân tích hệ thống hướng đối tượng,3
50,7480104,Hệ thống thông tin,Đại trà,CT273,Giao diện người - máy,3
50,7480104,Hệ thống thông tin,Đại trà,CT281,Cơ sở dữ liệu phân tán,3
50,7480104,Hệ thống thông tin,Đại trà,CT291,Lập trình ứng dụng,3
50,7480104,Hệ thống thông tin,Đại trà,CT299,Phát triển hệ thống web,3
50,7480104,Hệ thống thông tin,Đại trà,CT274,Lập trình cho thiết bị di động,3
50,7480104,Hệ thống thông tin,Đại trà,CT099,Blockchain và ứng dụng,3
50,7480104,Hệ thống thông tin,Đại trà,CT262,Phát triển hệ thống thông tin quản lý,3
50,7480104,Hệ thống thông tin,Đại trà,CT258,Phát triển hệ thống thương mại điện tử,3
50,7480104,Hệ thống thông tin,Đại trà,CT298E,Phát triển hệ thống thông tin địa lý,3
50,7480104,Hệ thống thông tin,Đại trà,CT286,Kho dữ liệu và OLAP,3
50,7480104,Hệ thống thông tin,Đại trà,CT285,Hệ thống quản lý sản xuất,3
50,7480104,Hệ thống thông tin,Đại trà,CT255,Nghiệp vụ thông minh,3
50,7480104,Hệ thống thông tin,Đại trà,CT263E,Niên luận ngành hệ thống thông tin,3
50,7480104,Hệ thống thông tin,Đại trà,CT511E,Thực tập doanh nghiệp - HTTT,5
50,7480104,Hệ thống thông tin,Đại trà,CT551E,Luận văn tốt nghiệp - HTTT,15
50,7480104,Hệ thống thông tin,Đại trà,CT503E,Tiểu luận tốt nghiệp - HTTT,6
50,7480104,Hệ thống thông tin,Đại trà,CT207,Phát triển phần mềm mã nguồn mở,3
50,7480104,Hệ thống thông tin,Đại trà,CT280,Cơ sở dữ liệu NoSQL,3
50,7480104,Hệ thống thông tin,Đại trà,CT512,Điện toán đám mây và IoT,3
50,7480104,Hệ thống thông tin,Đại trà,CT513,Web ngữ nghĩa và ứng dụng,3
50,7480104,Hệ thống thông tin,Đại trà,CT514,Dữ liệu lớn và Chuyển đổi số,3
50,7480104,Hệ thống thông tin,Đại trà,CT515,Quản trị tri thức,3
50,7480104,Hệ thống thông tin,Đại trà,CT254,"Bảo mật, an toàn hệ thống thông tin",3
50,7480104,Hệ thống thông tin,Đại trà,CT265,Hệ cơ sở dữ liệu đa phương tiện,3
50,7480104C,Hệ thống thông tin (chương trình chất lượng cao),Chất lượng cao,FL010H,Nghe nói và ngữ âm thực hành,4
50,7480104C,Hệ thống thông tin (chương trình chất lượng cao),Chất lượng cao,FL011H,Đọc hiểu,3
50,7480104C,Hệ thống thông tin (chương trình chất lượng cao),Chất lượng cao,FL012H,Viết,3
50,7480104C,Hệ thống thông tin (chương trình chất lượng cao),Chất lượng cao,FL013H,Ngữ pháp ứng dụng,2
50,7480104C,Hệ thống thông tin (chương trình chất lượng cao),Chất lượng cao,FL014H,Kỹ năng thuyết trình,3
50,7480104C,Hệ thống thông tin (chương trình chất lượng cao),Chất lượng cao,FL100H,Thi đánh giá năng lực tiếng Anh,2
50,7480104C,Hệ thống thông tin (chương trình chất lượng cao),Chất lượng cao,QP010E,Giáo dục quốc phòng và An ninh 1,2
50,7480104C,Hệ thống thông tin (chương trình chất lượng cao),Chất lượng cao,QP011E,Giáo dục quốc phòng và An ninh 2,2
50,7480104C,Hệ thống thông tin (chương trình chất lượng cao),Chất lượng cao,QP012,Giáo dục quốc phòng và An ninh 3,2
50,7480104C,Hệ thống thông tin (chương trình chất lượng cao),Chất lượng cao,QP013,Giáo dục quốc phòng và An ninh 4,2
50,7480104C,Hệ thống thông tin (chương trình chất lượng cao),Chất lượng cao,TC009,Bóng bàn 1,1
50,7480104C,Hệ thống thông tin (chương trình chất lượng cao),Chất lượng cao,TC010,Bóng bàn 2,1
50,7480104C,Hệ thống thông tin (chương trình chất lượng cao),Chất lượng cao,TC022,Bóng bàn 3,1
50,7480104C,Hệ thống thông tin (chương trình chất lượng cao),Chất lượng cao,TC005,Bóng chuyền 1,1
50,7480104C,Hệ thống thông tin (chương trình chất lượng cao),Chất lượng cao,TC006,Bóng chuyền 2,1
50,7480104C,Hệ thống thông tin (chương trình chất lượng cao),Chất lượng cao,TC020,Bóng chuyền 3,1
50,7480104C,Hệ thống thông tin (chương trình chất lượng cao),Chất lượng cao,TC007,Bóng đá 1,1
50,7480104C,Hệ thống thông tin (chương trình chất lượng cao),Chất lượng cao,TC008,Bóng đá 2,1
50,7480104C,Hệ thống thông tin (chương trình chất lượng cao),Chất lượng cao,TC021,Bóng đá 3,1
50,7480104C,Hệ thống thông tin (chương trình chất lượng cao),Chất lượng cao,TC028,Bóng rổ 1,1
50,7480104C,Hệ thống thông tin (chương trình chất lượng cao),Chất lượng cao,TC029,Bóng rổ 2,1
50,7480104C,Hệ thống thông tin (chương trình chất lượng cao),Chất lượng cao,TC030,Bóng rổ 3,1
50,7480104C,Hệ thống thông tin (chương trình chất lượng cao),Chất lượng cao,TC011,Cầu lông 1,1
50,7480104C,Hệ thống thông tin (chương trình chất lượng cao),Chất lượng cao,TC012,Cầu lông 2,1
50,7480104C,Hệ thống thông tin (chương trình chất lượng cao),Chất lượng cao,TC023,Cầu lông 3,1
50,7480104C,Hệ thống thông tin (chương trình chất lượng cao),Chất lượng cao,TC025,Cờ vua 1,1
50,7480104C,Hệ thống thông tin (chương trình chất lượng cao),Chất lượng cao,TC026,Cờ vua 2,1
50,7480104C,Hệ thống thông tin (chương trình chất lượng cao),Chất lượng cao,TC027,Cờ vua 3,1
50,7480104C,Hệ thống thông tin (chương trình chất lượng cao),Chất lượng cao,TC001,Điền kinh 1,1
50,7480104C,Hệ thống thông tin (chương trình chất lượng cao),Chất lượng cao,TC002,Điền kinh 2,1
50,7480104C,Hệ thống thông tin (chương trình chất lượng cao),Chất lượng cao,TC024,Điền kinh 3,1
50,7480104C,Hệ thống thông tin (chương trình chất lượng cao),Chất lượng cao,TC003,Taekwondo 1,1
50,7480104C,Hệ thống thông tin (chương trình chất lượng cao),Chất lượng cao,TC004,Taekwondo 2,1
50,7480104C,Hệ thống thông tin (chương trình chất lượng cao),Chất lượng cao,TC019,Taekwondo 3,1
50,7480104C,Hệ thống thông tin (chương trình chất lượng cao),Chất lượng cao,TC031,Tennis 1,1
50,7480104C,Hệ thống thông tin (chương trình chất lượng cao),Chất lượng cao,TC032,Tennis 2,1
50,7480104C,Hệ thống thông tin (chương trình chất lượng cao),Chất lượng cao,TC033,Tennis 3,1
50,7480104C,Hệ thống thông tin (chương trình chất lượng cao),Chất lượng cao,TC016,Thể dục nhịp điệu 1,1
50,7480104C,Hệ thống thông tin (chương trình chất lượng cao),Chất lượng cao,TC017,Thể dục nhịp điệu 2,1
50,7480104C,Hệ thống thông tin (chương trình chất lượng cao),Chất lượng cao,TC018,Thể dục nhịp điệu 3,1
50,7480104C,Hệ thống thông tin (chương trình chất lượng cao),Chất lượng cao,ML014,Triết học Mác - Lênin,3
50,7480104C,Hệ thống thông tin (chương trình chất lượng cao),Chất lượng cao,ML016,Kinh tế chính trị Mác - Lênin,2
50,7480104C,Hệ thống thông tin (chương trình chất lượng cao),Chất lượng cao,ML018,Chủ nghĩa xã hội khoa học,2
50,7480104C,Hệ thống thông tin (chương trình chất lượng cao),Chất lượng cao,ML019,Lịch sử Đảng Cộng sản Việt Nam,2
50,7480104C,Hệ thống thông tin (chương trình chất lượng cao),Chất lượng cao,ML021,Tư tưởng Hồ Chí Minh,2
50,7480104C,Hệ thống thông tin (chương trình chất lượng cao),Chất lượng cao,KL001E,Pháp luật đại cương,2
50,7480104C,Hệ thống thông tin (chương trình chất lượng cao),Chất lượng cao,ML007,Logic học đại cương,2
50,7480104C,Hệ thống thông tin (chương trình chất lượng cao),Chất lượng cao,XH028,Xã hội học đại cương,2
50,7480104C,Hệ thống thông tin (chương trình chất lượng cao),Chất lượng cao,XH014,Văn bản và lưu trữ học đại cương,2
50,7480104C,Hệ thống thông tin (chương trình chất lượng cao),Chất lượng cao,KN001E,Kỹ năng mềm,2
50,7480104C,Hệ thống thông tin (chương trình chất lượng cao),Chất lượng cao,CT052H,Đại số tuyến tính và hình học,3
50,7480104C,Hệ thống thông tin (chương trình chất lượng cao),Chất lượng cao,CT053H,Xác suất thống kê,3
50,7480104C,Hệ thống thông tin (chương trình chất lượng cao),Chất lượng cao,CT051H,Vi - Tích phân,4
50,7480104C,Hệ thống thông tin (chương trình chất lượng cao),Chất lượng cao,CT103H,Nền tảng Công nghệ thông tin,3
50,7480104C,Hệ thống thông tin (chương trình chất lượng cao),Chất lượng cao,CT054H,Lập trình căn bản A,4
50,7480104C,Hệ thống thông tin (chương trình chất lượng cao),Chất lượng cao,CT177H,Cấu trúc dữ liệu,3
50,7480104C,Hệ thống thông tin (chương trình chất lượng cao),Chất lượng cao,CT109H,Phân tích và thiết kế thuật toán,3
50,7480104C,Hệ thống thông tin (chương trình chất lượng cao),Chất lượng cao,CT101H,Toán cho khoa học máy tính,4
50,7480104C,Hệ thống thông tin (chương trình chất lượng cao),Chất lượng cao,CT223H,Nền tảng trí tuệ nhân tạo,3
50,7480104C,Hệ thống thông tin (chương trình chất lượng cao),Chất lượng cao,CT110H,Cơ sở dữ liệu,3
50,7480104C,Hệ thống thông tin (chương trình chất lượng cao),Chất lượng cao,CT182H,Ngôn ngữ mô hình hóa,3
50,7480104C,Hệ thống thông tin (chương trình chất lượng cao),Chất lượng cao,CT112H,Phân tích và thiết kế hệ thống,3
50,7480104C,Hệ thống thông tin (chương trình chất lượng cao),Chất lượng cao,CT106H,Mạng máy tính,3
50,7480104C,Hệ thống thông tin (chương trình chất lượng cao),Chất lượng cao,CT108H,Lập trình hướng đối tượng,3
50,7480104C,Hệ thống thông tin (chương trình chất lượng cao),Chất lượng cao,CT353H,Hệ quản trị cơ sở dữ liệu,3
50,7480104C,Hệ thống thông tin (chương trình chất lượng cao),Chất lượng cao,CT291H,Lập trình ứng dụng,3
50,7480104C,Hệ thống thông tin (chương trình chất lượng cao),Chất lượng cao,CT214H,Lập trình Web,3
50,7480104C,Hệ thống thông tin (chương trình chất lượng cao),Chất lượng cao,CT075H,Kho dữ liệu và khai phá dữ liệu,3
50,7480104C,Hệ thống thông tin (chương trình chất lượng cao),Chất lượng cao,CT076H,Phân tích dữ liệu,3
50,7480104C,Hệ thống thông tin (chương trình chất lượng cao),Chất lượng cao,CT077H,Ứng dụng thị giác máy tính,3
50,7480104C,Hệ thống thông tin (chương trình chất lượng cao),Chất lượng cao,CT308H,Thương mại điện tử,3
50,7480104C,Hệ thống thông tin (chương trình chất lượng cao),Chất lượng cao,CT078H,Hệ thống thông tin di động,3
50,7480104C,Hệ thống thông tin (chương trình chất lượng cao),Chất lượng cao,CT113H,Cơ sở dữ liệu NoSQL,3
50,7480104C,Hệ thống thông tin (chương trình chất lượng cao),Chất lượng cao,CT079H,Hệ thống thông tin thông minh,3
50,7480104C,Hệ thống thông tin (chương trình chất lượng cao),Chất lượng cao,CT080H,Hệ thống thông tin địa lý,3
50,7480104C,Hệ thống thông tin (chương trình chất lượng cao),Chất lượng cao,CT081H,Hệ thống thông tin quản lý,3
50,7480104C,Hệ thống thông tin (chương trình chất lượng cao),Chất lượng cao,CT252H,Niên luận cơ sở ngành HTTT-CLC,3
50,7480104C,Hệ thống thông tin (chương trình chất lượng cao),Chất lượng cao,CT263H,Niên luận chuyên ngành HTTT-CLC,3
50,7480104C,Hệ thống thông tin (chương trình chất lượng cao),Chất lượng cao,CT511H,Thực tập doanh nghiệp HTTT-CLC,5
50,7480104C,Hệ thống thông tin (chương trình chất lượng cao),Chất lượng cao,CT551H,Luận văn tốt nghiệp HTTT-CLC,15
50,7480104C,Hệ thống thông tin (chương trình chất lượng cao),Chất lượng cao,CT099H,Blockchain và ứng dụng,3
50,7480104C,Hệ thống thông tin (chương trình chất lượng cao),Chất lượng cao,CT512H,Điện toán đám mây và IoT,3
50,7480104C,Hệ thống thông tin (chương trình chất lượng cao),Chất lượng cao,CT513H,Web ngữ nghĩa và ứng dụng,3
50,7480104C,Hệ thống thông tin (chương trình chất lượng cao),Chất lượng cao,CT514H,Dữ liệu lớn và Chuyển đổi số,3
50,7480104C,Hệ thống thông tin (chương trình chất lượng cao),Chất lượng cao,CT515H,Quản trị tri thức,3
50,7480104C,Hệ thống thông tin (chương trình chất lượng cao),Chất lượng cao,CT254H,"Bảo mật, an toàn hệ thống thông tin",3
50,7480104C,Hệ thống thông tin (chương trình chất lượng cao),Chất lượng cao,CT082H,Tiếp thị số,3
50,7480104C,Hệ thống thông tin (chương trình chất lượng cao),Chất lượng cao,CT295H,Nền tảng phần mềm nhúng và IoT,3
50,7480104C,Hệ thống thông tin (chương trình chất lượng cao),Chất lượng cao,CT228H,Nền tảng an ninh mạng,3
50,7480104C,Hệ thống thông tin (chương trình chất lượng cao),Chất lượng cao,CT255H,Nghiệp vụ thông minh,3
50,7480104C,Hệ thống thông tin (chương trình chất lượng cao),Chất lượng cao,CT226H,Lập trình trí tuệ nhân tạo với Python,3
50,7480104C,Hệ thống thông tin (chương trình chất lượng cao),Chất lượng cao,CT203H,Quản lý dự án phần mềm,3
50,7480104C,Hệ thống thông tin (chương trình chất lượng cao),Chất lượng cao,CT191,Luật công nghệ thông tin và đạo đức nghề nghiệp,1
50,7480104C,Hệ thống thông tin (chương trình chất lượng cao),Chất lượng cao,CT055H,Kỹ năng giao tiếp,1
50,7480104C,Hệ thống thông tin (chương trình chất lượng cao),Chất lượng cao,CT056H,Kỹ năng thuyết trình,1
50,7480104C,Hệ thống thông tin (chương trình chất lượng cao),Chất lượng cao,CT057H,Kỹ năng làm việc nhóm,1
50,7480104C,Hệ thống thông tin (chương trình chất lượng cao),Chất lượng cao,CT058H,Kỹ năng giải quyết vấn đề,1
50,7480104C,Hệ thống thông tin (chương trình chất lượng cao),Chất lượng cao,CT059H,Kỹ năng tư duy phản biện,1
50,7480104C,Hệ thống thông tin (chương trình chất lượng cao),Chất lượng cao,CT060H,Kỹ năng viết báo cáo khoa học,1
50,7480101,Khoa học máy tính,Đại trà,QP010E,Giáo dục quốc phòng và An ninh 1,2
50,7480101,Khoa học máy tính,Đại trà,QP011E,Giáo dục quốc phòng và An ninh 2,2
50,7480101,Khoa học máy tính,Đại trà,QP012,Giáo dục quốc phòng và An ninh 3,2
50,7480101,Khoa học máy tính,Đại trà,QP013,Giáo dục quốc phòng và An ninh 4,2
50,7480101,Khoa học máy tính,Đại trà,TC009,Bóng bàn 1,1
50,7480101,Khoa học máy tính,Đại trà,TC010,Bóng bàn 2,1
50,7480101,Khoa học máy tính,Đại trà,TC022,Bóng bàn 3,1
50,7480101,Khoa học máy tính,Đại trà,TC005,Bóng chuyền 1,1
50,7480101,Khoa học máy tính,Đại trà,TC006,Bóng chuyền 2,1
50,7480101,Khoa học máy tính,Đại trà,TC020,Bóng chuyền 3,1
50,7480101,Khoa học máy tính,Đại trà,TC007,Bóng đá 1,1
50,7480101,Khoa học máy tính,Đại trà,TC008,Bóng đá 2,1
50,7480101,Khoa học máy tính,Đại trà,TC021,Bóng đá 3,1
50,7480101,Khoa học máy tính,Đại trà,TC028,Bóng rổ 1,1
50,7480101,Khoa học máy tính,Đại trà,TC029,Bóng rổ 2,1
50,7480101,Khoa học máy tính,Đại trà,TC030,Bóng rổ 3,1
50,7480101,Khoa học máy tính,Đại trà,TC011,Cầu lông 1,1
50,7480101,Khoa học máy tính,Đại trà,TC012,Cầu lông 2,1
50,7480101,Khoa học máy tính,Đại trà,TC023,Cầu lông 3,1
50,7480101,Khoa học máy tính,Đại trà,TC025,Cờ vua 1,1
50,7480101,Khoa học máy tính,Đại trà,TC026,Cờ vua 2,1
50,7480101,Khoa học máy tính,Đại trà,TC027,Cờ vua 3,1
50,7480101,Khoa học máy tính,Đại trà,TC001,Điền kinh 1,1
50,7480101,Khoa học máy tính,Đại trà,TC002,Điền kinh 2,1
50,7480101,Khoa học máy tính,Đại trà,TC024,Điền kinh 3,1
50,7480101,Khoa học máy tính,Đại trà,TC003,Taekwondo 1,1
50,7480101,Khoa học máy tính,Đại trà,TC004,Taekwondo 2,1
50,7480101,Khoa học máy tính,Đại trà,TC019,Taekwondo 3,1
50,7480101,Khoa học máy tính,Đại trà,TC031,Tennis 1,1
50,7480101,Khoa học máy tính,Đại trà,TC032,Tennis 2,1
50,7480101,Khoa học máy tính,Đại trà,TC033,Tennis 3,1
50,7480101,Khoa học máy tính,Đại trà,TC016,Thể dục nhịp điệu 1,1
50,7480101,Khoa học máy tính,Đại trà,TC017,Thể dục nhịp điệu 2,1
50,7480101,Khoa học máy tính,Đại trà,TC018,Thể dục nhịp điệu 3,1
50,7480101,Khoa học máy tính,Đại trà,XH023,Anh văn căn bản 1,4
50,7480101,Khoa học máy tính,Đại trà,XH024,Anh văn căn bản 2,3
50,7480101,Khoa học máy tính,Đại trà,XH025,Anh văn căn bản 3,3
50,7480101,Khoa học máy tính,Đại trà,XH031,Anh văn tăng cường 1,4
50,7480101,Khoa học máy tính,Đại trà,XH032,Anh văn tăng cường 2,3
50,7480101,Khoa học máy tính,Đại trà,XH033,Anh văn tăng cường 3,3
50,7480101,Khoa học máy tính,Đại trà,FL001,Pháp văn căn bản 1,4
50,7480101,Khoa học máy tính,Đại trà,FL002,Pháp văn căn bản 2,3
50,7480101,Khoa học máy tính,Đại trà,FL003,Pháp văn căn bản 3,3
50,7480101,Khoa học máy tính,Đại trà,FL007,Pháp văn tăng cường 1,4
50,7480101,Khoa học máy tính,Đại trà,FL008,Pháp văn tăng cường 2,3
50,7480101,Khoa học máy tính,Đại trà,FL009,Pháp văn tăng cường 3,3
50,7480101,Khoa học máy tính,Đại trà,ML014,Triết học Mác - Lênin,3
50,7480101,Khoa học máy tính,Đại trà,ML016,Kinh tế chính trị Mác - Lênin,2
50,7480101,Khoa học máy tính,Đại trà,ML018,Chủ nghĩa xã hội khoa học,2
50,7480101,Khoa học máy tính,Đại trà,ML019,Lịch sử Đảng Cộng sản Việt Nam,2
50,7480101,Khoa học máy tính,Đại trà,ML021,Tư tưởng Hồ Chí Minh,2
50,7480101,Khoa học máy tính,Đại trà,KL001E,Pháp luật đại cương,2
50,7480101,Khoa học máy tính,Đại trà,ML007,Logic học đại cương,2
50,7480101,Khoa học máy tính,Đại trà,XH028,Xã hội học đại cương,2
50,7480101,Khoa học máy tính,Đại trà,XH011,Cơ sở văn hóa Việt Nam,2
50,7480101,Khoa học máy tính,Đại trà,XH012,Tiếng Việt thực hành,2
50,7480101,Khoa học máy tính,Đại trà,XH014,Văn bản và lưu trữ học đại cương,2
50,7480101,Khoa học máy tính,Đại trà,KN001E,Kỹ năng mềm,2
50,7480101,Khoa học máy tính,Đại trà,KN002E,Đổi mới sáng tạo và khởi nghiệp,2
50,7480101,Khoa học máy tính,Đại trà,TN001,Vi - Tích phân A1,3
50,7480101,Khoa học máy tính,Đại trà,TN002,Vi - Tích phân A2,4
50,7480101,Khoa học máy tính,Đại trà,TN010,Xác suất thống kê,3
50,7480101,Khoa học máy tính,Đại trà,TN012,Đại số tuyến tính và hình học,4
50,7480101,Khoa học máy tính,Đại trà,CT100,Kỹ năng học đại học,2
50,7480101,Khoa học máy tính,Đại trà,CT200,Nền tảng công nghệ thông tin,4
50,7480101,Khoa học máy tính,Đại trà,CT172,Toán rời rạc,4
50,7480101,Khoa học máy tính,Đại trà,CT101,Lập trình căn bản A,4
50,7480101,Khoa học máy tính,Đại trà,CT177,Cấu trúc dữ liệu,3
50,7480101,Khoa học máy tính,Đại trà,CT174,Phân tích và thiết kế thuật toán,3
50,7480101,Khoa học máy tính,Đại trà,CT175,Lý thuyết đồ thị,3
50,7480101,Khoa học máy tính,Đại trà,CT176,Lập trình hướng đối tượng,3
50,7480101,Khoa học máy tính,Đại trà,CT173,Kiến trúc máy tính,3
50,7480101,Khoa học máy tính,Đại trà,CT178,Nguyên lý hệ điều hành,3
50,7480101,Khoa học máy tính,Đại trà,CT112,Mạng máy tính,3
50,7480101,Khoa học máy tính,Đại trà,CT179,Quản trị hệ thống,3
50,7480101,Khoa học máy tính,Đại trà,CT180,Cơ sở dữ liệu,3
50,7480101,Khoa học máy tính,Đại trà,CT182,Ngôn ngữ mô hình hóa,3
50,7480101,Khoa học máy tính,Đại trà,CT296,Phân tích và thiết kế hệ thống thông tin,3
50,7480101,Khoa học máy tính,Đại trà,CT190,Nhập môn trí tuệ nhân tạo,2
50,7480101,Khoa học máy tính,Đại trà,CT188,Nhập môn lập trình Web,3
50,7480101,Khoa học máy tính,Đại trà,CT201E,Niên luận cơ sở ngành Khoa học máy tính,3
50,7480101,Khoa học máy tính,Đại trà,CT199,Quy hoạch tuyến tính,3
50,7480101,Khoa học máy tính,Đại trà,CT479,Phương pháp tính,3
50,7480101,Khoa học máy tính,Đại trà,CT292,Lý thuyết thông tin,3
50,7480101,Khoa học máy tính,Đại trà,CT121,Tin học lý thuyết,3
50,7480101,Khoa học máy tính,Đại trà,CT332,Trí tuệ nhân tạo,3
50,7480101,Khoa học máy tính,Đại trà,CT294,Máy học ứng dụng,3
50,7480101,Khoa học máy tính,Đại trà,CT467,Quản trị dữ liệu,3
50,7480101,Khoa học máy tính,Đại trà,CT204,An toàn và bảo mật thông tin,3
50,7480101,Khoa học máy tính,Đại trà,CT316,Xử lý ảnh,3
50,7480101,Khoa học máy tính,Đại trà,CT234,Phát triển phần mềm nhúng,3
50,7480101,Khoa học máy tính,Đại trà,CT207,Phát triển phần mềm mã nguồn mở,3
50,7480101,Khoa học máy tính,Đại trà,CT449,Phát triển ứng dụng web,3
50,7480101,Khoa học máy tính,Đại trà,CT428,Lập trình Web,3
50,7480101,Khoa học máy tính,Đại trà,CT208E,Niên luận ngành Khoa học máy tính,3
50,7480101,Khoa học máy tính,Đại trà,CT203,Đồ họa máy tính,3
50,7480101,Khoa học máy tính,Đại trà,CT209,Đồ họa nâng cao,3
50,7480101,Khoa học máy tính,Đại trà,CT220,Hoạt hình trên máy tính,3
50,7480101,Khoa học máy tính,Đại trà,CT210,Thị giác máy tính,3
50,7480101,Khoa học máy tính,Đại trà,CT312,Khai khoáng dữ liệu,3
50,7480101,Khoa học máy tính,Đại trà,CT202,Nguyên lý máy học,3
50,7480101,Khoa học máy tính,Đại trà,CT282,Học sâu (Deep Learning),3
50,7480101,Khoa học máy tính,Đại trà,CT217,Phân tích dữ liệu trực quan,3
50,7480101,Khoa học máy tính,Đại trà,CT219,Xử lý ngôn ngữ tự nhiên,3
50,7480101,Khoa học máy tính,Đại trà,CT516E,Thực tập doanh nghiệp - KHMT,5
50,7480101,Khoa học máy tính,Đại trà,CT552E,Luận văn tốt nghiệp - KHMT,15
50,7480101,Khoa học máy tính,Đại trà,CT504E,Tiểu luận tốt nghiệp - KHMT,6
50,7480101,Khoa học máy tính,Đại trà,CT198,Anh văn chuyên ngành công nghệ thông tin,3
50,7480101,Khoa học máy tính,Đại trà,CT216,Hệ cơ sở tri thức,3
50,7480101,Khoa học máy tính,Đại trà,CT221,Lập trình mạng,3
50,7480101,Khoa học máy tính,Đại trà,CT222,An toàn hệ thống,3
50,7480101,Khoa học máy tính,Đại trà,CT275,Công nghệ Web,3
50,7480101,Khoa học máy tính,Đại trà,CT274,Lập trình cho thiết bị di động,3
50,7480101,Khoa học máy tính,Đại trà,CT290,Lập trình trò chơi,3
50,7480101,Khoa học máy tính,Đại trà,CT284,Hệ thống hỏi đáp,3
50,7480101,Khoa học máy tính,Đại trà,CT189,Nhập môn mô phỏng,3
50,7480101,Khoa học máy tính,Đại trà,CT295,Nền tảng phần mềm nhúng và IoT,3
50,7480101,Khoa học máy tính,Đại trà,CT233,Điện toán đám mây,3
50,7480103,Kỹ thuật phần mềm,Đại trà,QP010E,Giáo dục quốc phòng và An ninh 1,2
50,7480103,Kỹ thuật phần mềm,Đại trà,QP011E,Giáo dục quốc phòng và An ninh 2,2
50,7480103,Kỹ thuật phần mềm,Đại trà,QP012,Giáo dục quốc phòng và An ninh 3,2
50,7480103,Kỹ thuật phần mềm,Đại trà,QP013,Giáo dục quốc phòng và An ninh 4,2
50,7480103,Kỹ thuật phần mềm,Đại trà,TC009,Bóng bàn 1,1
50,7480103,Kỹ thuật phần mềm,Đại trà,TC010,Bóng bàn 2,1
50,7480103,Kỹ thuật phần mềm,Đại trà,TC022,Bóng bàn 3,1
50,7480103,Kỹ thuật phần mềm,Đại trà,TC005,Bóng chuyền 1,1
50,7480103,Kỹ thuật phần mềm,Đại trà,TC006,Bóng chuyền 2,1
50,7480103,Kỹ thuật phần mềm,Đại trà,TC020,Bóng chuyền 3,1
50,7480103,Kỹ thuật phần mềm,Đại trà,TC007,Bóng đá 1,1
50,7480103,Kỹ thuật phần mềm,Đại trà,TC008,Bóng đá 2,1
50,7480103,Kỹ thuật phần mềm,Đại trà,TC021,Bóng đá 3,1
50,7480103,Kỹ thuật phần mềm,Đại trà,TC028,Bóng rổ 1,1
50,7480103,Kỹ thuật phần mềm,Đại trà,TC029,Bóng rổ 2,1
50,7480103,Kỹ thuật phần mềm,Đại trà,TC030,Bóng rổ 3,1
50,7480103,Kỹ thuật phần mềm,Đại trà,TC011,Cầu lông 1,1
50,7480103,Kỹ thuật phần mềm,Đại trà,TC012,Cầu lông 2,1
50,7480103,Kỹ thuật phần mềm,Đại trà,TC023,Cầu lông 3,1
50,7480103,Kỹ thuật phần mềm,Đại trà,TC025,Cờ vua 1,1
50,7480103,Kỹ thuật phần mềm,Đại trà,TC026,Cờ vua 2,1
50,7480103,Kỹ thuật phần mềm,Đại trà,TC027,Cờ vua 3,1
50,7480103,Kỹ thuật phần mềm,Đại trà,TC001,Điền kinh 1,1
50,7480103,Kỹ thuật phần mềm,Đại trà,TC002,Điền kinh 2,1
50,7480103,Kỹ thuật phần mềm,Đại trà,TC024,Điền kinh 3,1
50,7480103,Kỹ thuật phần mềm,Đại trà,TC003,Taekwondo 1,1
50,7480103,Kỹ thuật phần mềm,Đại trà,TC004,Taekwondo 2,1
50,7480103,Kỹ thuật phần mềm,Đại trà,TC019,Taekwondo 3,1
50,7480103,Kỹ thuật phần mềm,Đại trà,TC031,Tennis 1,1
50,7480103,Kỹ thuật phần mềm,Đại trà,TC032,Tennis 2,1
50,7480103,Kỹ thuật phần mềm,Đại trà,TC033,Tennis 3,1
50,7480103,Kỹ thuật phần mềm,Đại trà,TC016,Thể dục nhịp điệu 1,1
50,7480103,Kỹ thuật phần mềm,Đại trà,TC017,Thể dục nhịp điệu 2,1
50,7480103,Kỹ thuật phần mềm,Đại trà,TC018,Thể dục nhịp điệu 3,1
50,7480103,Kỹ thuật phần mềm,Đại trà,XH023,Anh văn căn bản 1,4
50,7480103,Kỹ thuật phần mềm,Đại trà,XH024,Anh văn căn bản 2,3
50,7480103,Kỹ thuật phần mềm,Đại trà,XH025,Anh văn căn bản 3,3
50,7480103,Kỹ thuật phần mềm,Đại trà,XH031,Anh văn tăng cường 1,4
50,7480103,Kỹ thuật phần mềm,Đại trà,XH032,Anh văn tăng cường 2,3
50,7480103,Kỹ thuật phần mềm,Đại trà,XH033,Anh văn tăng cường 3,3
50,7480103,Kỹ thuật phần mềm,Đại trà,FL001,Pháp văn căn bản 1,4
50,7480103,Kỹ thuật phần mềm,Đại trà,FL002,Pháp văn căn bản 2,3
50,7480103,Kỹ thuật phần mềm,Đại trà,FL003,Pháp văn căn bản 3,3
50,7480103,Kỹ thuật phần mềm,Đại trà,FL007,Pháp văn tăng cường 1,4
50,7480103,Kỹ thuật phần mềm,Đại trà,FL008,Pháp văn tăng cường 2,3
50,7480103,Kỹ thuật phần mềm,Đại trà,FL009,Pháp văn tăng cường 3,3
50,7480103,Kỹ thuật phần mềm,Đại trà,ML014,Triết học Mác - Lênin,3
50,7480103,Kỹ thuật phần mềm,Đại trà,ML016,Kinh tế chính trị Mác - Lênin,2
50,7480103,Kỹ thuật phần mềm,Đại trà,ML018,Chủ nghĩa xã hội khoa học,2
50,7480103,Kỹ thuật phần mềm,Đại trà,ML019,Lịch sử Đảng Cộng sản Việt Nam,2
50,7480103,Kỹ thuật phần mềm,Đại trà,ML021,Tư tưởng Hồ Chí Minh,2
50,7480103,Kỹ thuật phần mềm,Đại trà,KL001E,Pháp luật đại cương,2
50,7480103,Kỹ thuật phần mềm,Đại trà,ML007,Logic học đại cương,2
50,7480103,Kỹ thuật phần mềm,Đại trà,XH028,Xã hội học đại cương,2
50,7480103,Kỹ thuật phần mềm,Đại trà,XH011,Cơ sở văn hóa Việt Nam,2
50,7480103,Kỹ thuật phần mềm,Đại trà,XH012,Tiếng Việt thực hành,2
50,7480103,Kỹ thuật phần mềm,Đại trà,XH014,Văn bản và lưu trữ học đại cương,2
50,7480103,Kỹ thuật phần mềm,Đại trà,KN001E,Kỹ năng mềm,2
50,7480103,Kỹ thuật phần mềm,Đại trà,KN002E,Đổi mới sáng tạo và khởi nghiệp,2
50,7480103,Kỹ thuật phần mềm,Đại trà,TN001,Vi - Tích phân A1,3
50,7480103,Kỹ thuật phần mềm,Đại trà,TN002,Vi - Tích phân A2,4
50,7480103,Kỹ thuật phần mềm,Đại trà,TN010,Xác suất thống kê,3
50,7480103,Kỹ thuật phần mềm,Đại trà,TN012,Đại số tuyến tính và hình học,4
50,7480103,Kỹ thuật phần mềm,Đại trà,CT100,Kỹ năng học đại học,2
50,7480103,Kỹ thuật phần mềm,Đại trà,CT200,Nền tảng công nghệ thông tin,4
50,7480103,Kỹ thuật phần mềm,Đại trà,CT172,Toán rời rạc,4
50,7480103,Kỹ thuật phần mềm,Đại trà,CT101,Lập trình căn bản A,4
50,7480103,Kỹ thuật phần mềm,Đại trà,CT177,Cấu trúc dữ liệu,3
50,7480103,Kỹ thuật phần mềm,Đại trà,CT175,Lý thuyết đồ thị,3
50,7480103,Kỹ thuật phần mềm,Đại trà,CT174,Phân tích và thiết kế thuật toán,3
50,7480103,Kỹ thuật phần mềm,Đại trà,CT180,Cơ sở dữ liệu,3
50,7480103,Kỹ thuật phần mềm,Đại trà,CT173,Kiến trúc máy tính,3
50,7480103,Kỹ thuật phần mềm,Đại trà,CT178,Nguyên lý hệ điều hành,3
50,7480103,Kỹ thuật phần mềm,Đại trà,CT112,Mạng máy tính,3
50,7480103,Kỹ thuật phần mềm,Đại trà,CT176,Lập trình hướng đối tượng,3
50,7480103,Kỹ thuật phần mềm,Đại trà,CT296,Phân tích và thiết kế hệ thống thông tin,3
50,7480103,Kỹ thuật phần mềm,Đại trà,CT182,Ngôn ngữ mô hình hóa,3
50,7480103,Kỹ thuật phần mềm,Đại trà,CT179,Quản trị hệ thống,3
50,7480103,Kỹ thuật phần mềm,Đại trà,CT188,Nhập môn lập trình Web,3
50,7480103,Kỹ thuật phần mềm,Đại trà,CT190,Nhập môn trí tuệ nhân tạo,2
50,7480103,Kỹ thuật phần mềm,Đại trà,CT189,Nhập môn mô phỏng,3
50,7480103,Kỹ thuật phần mềm,Đại trà,CT295,Nền tảng phần mềm nhúng và IoT,3
50,7480103,Kỹ thuật phần mềm,Đại trà,CT460,Quản lý quy trình nghiệp vụ,3
50,7480103,Kỹ thuật phần mềm,Đại trà,CT113,Nhập môn công nghệ phần mềm,2
50,7480103,Kỹ thuật phần mềm,Đại trà,CT239E,Niên luận cơ sở ngành KTPM,3
50,7480103,Kỹ thuật phần mềm,Đại trà,CT240,Nguyên lý xây dựng phần mềm,3
50,7480103,Kỹ thuật phần mềm,Đại trà,CT241,Phân tích yêu cầu phần mềm,3
50,7480103,Kỹ thuật phần mềm,Đại trà,CT242,Kiến trúc và Thiết kế phần mềm,3
50,7480103,Kỹ thuật phần mềm,Đại trà,CT243,Đảm bảo chất lượng và Kiểm thử phần mềm,4
50,7480103,Kỹ thuật phần mềm,Đại trà,CT244,Bảo trì phần mềm,3
50,7480103,Kỹ thuật phần mềm,Đại trà,CT223,Quản lý dự án phần mềm,3
50,7480103,Kỹ thuật phần mềm,Đại trà,CT287,Kiểm chứng mô hình,3
50,7480103,Kỹ thuật phần mềm,Đại trà,CT250E,Niên luận ngành Kỹ thuật phần mềm,3
50,7480103,Kỹ thuật phần mềm,Đại trà,CT458E,Thực tập doanh nghiệp - KTPM,5
50,7480103,Kỹ thuật phần mềm,Đại trà,CT276,Lập trình Java,3
50,7480103,Kỹ thuật phần mềm,Đại trà,CT246,Lập trình .NET,3
50,7480103,Kỹ thuật phần mềm,Đại trà,CT449,Phát triển ứng dụng web,3
50,7480103,Kỹ thuật phần mềm,Đại trà,CT483,Chuyên đề lập trình trên di động,3
50,7480103,Kỹ thuật phần mềm,Đại trà,CT487,Học sâu cho công nghệ phần mềm,3
50,7480103,Kỹ thuật phần mềm,Đại trà,CT446,Ngôn ngữ lập trình mô phỏng,3
50,7480103,Kỹ thuật phần mềm,Đại trà,CT553E,Luận văn tốt nghiệp - KTPM,15
50,7480103,Kỹ thuật phần mềm,Đại trà,CT505E,Tiểu luận tốt nghiệp - KTPM,6
50,7480103,Kỹ thuật phần mềm,Đại trà,CT457,Phát triển phần mềm nhúng và IoT,3
50,7480103,Kỹ thuật phần mềm,Đại trà,CT288,Kiến trúc phần mềm theo mô hình Client-Server,3
50,7480103,Kỹ thuật phần mềm,Đại trà,CT202,Nguyên lý máy học,3
50,7480103,Kỹ thuật phần mềm,Đại trà,CT254,"Bảo mật, an toàn hệ thống thông tin",3
50,7480103,Kỹ thuật phần mềm,Đại trà,CT207,Phát triển phần mềm mã nguồn mở,3
50,7480103,Kỹ thuật phần mềm,Đại trà,CT233,Điện toán đám mây,3
50,7480103,Kỹ thuật phần mềm,Đại trà,CT258,Phát triển hệ thống thương mại điện tử,3
50,7480103,Kỹ thuật phần mềm,Đại trà,CT205,Quản trị cơ sở dữ liệu,3
50,7480103,Kỹ thuật phần mềm,Đại trà,CT255,Nghiệp vụ thông minh,3
50,7480103C,Kỹ thuật phần mềm (chương trình chất lượng cao),Chất lượng cao,FL010H,Nghe nói và ngữ âm thực hành,4
50,7480103C,Kỹ thuật phần mềm (chương trình chất lượng cao),Chất lượng cao,FL011H,Đọc hiểu,3
50,7480103C,Kỹ thuật phần mềm (chương trình chất lượng cao),Chất lượng cao,FL012H,Viết,3
50,7480103C,Kỹ thuật phần mềm (chương trình chất lượng cao),Chất lượng cao,FL013H,Ngữ pháp ứng dụng,2
50,7480103C,Kỹ thuật phần mềm (chương trình chất lượng cao),Chất lượng cao,FL014H,Kỹ năng thuyết trình,3
50,7480103C,Kỹ thuật phần mềm (chương trình chất lượng cao),Chất lượng cao,QP010E,Giáo dục quốc phòng và An ninh 1,2
50,7480103C,Kỹ thuật phần mềm (chương trình chất lượng cao),Chất lượng cao,QP011E,Giáo dục quốc phòng và An ninh 2,2
50,7480103C,Kỹ thuật phần mềm (chương trình chất lượng cao),Chất lượng cao,QP012,Giáo dục quốc phòng và An ninh 3,2
50,7480103C,Kỹ thuật phần mềm (chương trình chất lượng cao),Chất lượng cao,QP013,Giáo dục quốc phòng và An ninh 4,2
50,7480103C,Kỹ thuật phần mềm (chương trình chất lượng cao),Chất lượng cao,TC009,Bóng bàn 1,1
50,7480103C,Kỹ thuật phần mềm (chương trình chất lượng cao),Chất lượng cao,TC010,Bóng bàn 2,1
50,7480103C,Kỹ thuật phần mềm (chương trình chất lượng cao),Chất lượng cao,TC022,Bóng bàn 3,1
50,7480103C,Kỹ thuật phần mềm (chương trình chất lượng cao),Chất lượng cao,TC005,Bóng chuyền 1,1
50,7480103C,Kỹ thuật phần mềm (chương trình chất lượng cao),Chất lượng cao,TC006,Bóng chuyền 2,1
50,7480103C,Kỹ thuật phần mềm (chương trình chất lượng cao),Chất lượng cao,TC020,Bóng chuyền 3,1
50,7480103C,Kỹ thuật phần mềm (chương trình chất lượng cao),Chất lượng cao,TC007,Bóng đá 1,1
50,7480103C,Kỹ thuật phần mềm (chương trình chất lượng cao),Chất lượng cao,TC008,Bóng đá 2,1
50,7480103C,Kỹ thuật phần mềm (chương trình chất lượng cao),Chất lượng cao,TC021,Bóng đá 3,1
50,7480103C,Kỹ thuật phần mềm (chương trình chất lượng cao),Chất lượng cao,TC028,Bóng rổ 1,1
50,7480103C,Kỹ thuật phần mềm (chương trình chất lượng cao),Chất lượng cao,TC029,Bóng rổ 2,1
50,7480103C,Kỹ thuật phần mềm (chương trình chất lượng cao),Chất lượng cao,TC030,Bóng rổ 3,1
50,7480103C,Kỹ thuật phần mềm (chương trình chất lượng cao),Chất lượng cao,TC011,Cầu lông 1,1
50,7480103C,Kỹ thuật phần mềm (chương trình chất lượng cao),Chất lượng cao,TC012,Cầu lông 2,1
50,7480103C,Kỹ thuật phần mềm (chương trình chất lượng cao),Chất lượng cao,TC023,Cầu lông 3,1
50,7480103C,Kỹ thuật phần mềm (chương trình chất lượng cao),Chất lượng cao,TC025,Cờ vua 1,1
50,7480103C,Kỹ thuật phần mềm (chương trình chất lượng cao),Chất lượng cao,TC026,Cờ vua 2,1
50,7480103C,Kỹ thuật phần mềm (chương trình chất lượng cao),Chất lượng cao,TC027,Cờ vua 3,1
50,7480103C,Kỹ thuật phần mềm (chương trình chất lượng cao),Chất lượng cao,TC001,Điền kinh 1,1
50,7480103C,Kỹ thuật phần mềm (chương trình chất lượng cao),Chất lượng cao,TC002,Điền kinh 2,1
50,7480103C,Kỹ thuật phần mềm (chương trình chất lượng cao),Chất lượng cao,TC024,Điền kinh 3,1
50,7480103C,Kỹ thuật phần mềm (chương trình chất lượng cao),Chất lượng cao,TC003,Taekwondo 1,1
50,7480103C,Kỹ thuật phần mềm (chương trình chất lượng cao),Chất lượng cao,TC004,Taekwondo 2,1
50,7480103C,Kỹ thuật phần mềm (chương trình chất lượng cao),Chất lượng cao,TC019,Taekwondo 3,1
50,7480103C,Kỹ thuật phần mềm (chương trình chất lượng cao),Chất lượng cao,TC031,Tennis 1,1
50,7480103C,Kỹ thuật phần mềm (chương trình chất lượng cao),Chất lượng cao,TC032,Tennis 2,1
50,7480103C,Kỹ thuật phần mềm (chương trình chất lượng cao),Chất lượng cao,TC033,Tennis 3,1
50,7480103C,Kỹ thuật phần mềm (chương trình chất lượng cao),Chất lượng cao,TC016,Thể dục nhịp điệu 1,1
50,7480103C,Kỹ thuật phần mềm (chương trình chất lượng cao),Chất lượng cao,TC017,Thể dục nhịp điệu 2,1
50,7480103C,Kỹ thuật phần mềm (chương trình chất lượng cao),Chất lượng cao,TC018,Thể dục nhịp điệu 3,1
50,7480103C,Kỹ thuật phần mềm (chương trình chất lượng cao),Chất lượng cao,ML014,Triết học Mác - Lênin,3
50,7480103C,Kỹ thuật phần mềm (chương trình chất lượng cao),Chất lượng cao,ML016,Kinh tế chính trị Mác - Lênin,2
50,7480103C,Kỹ thuật phần mềm (chương trình chất lượng cao),Chất lượng cao,ML018,Chủ nghĩa xã hội khoa học,2
50,7480103C,Kỹ thuật phần mềm (chương trình chất lượng cao),Chất lượng cao,ML019,Lịch sử Đảng Cộng sản Việt Nam,2
50,7480103C,Kỹ thuật phần mềm (chương trình chất lượng cao),Chất lượng cao,ML021,Tư tưởng Hồ Chí Minh,2
50,7480103C,Kỹ thuật phần mềm (chương trình chất lượng cao),Chất lượng cao,KL001E,Pháp luật đại cương,2
50,7480103C,Kỹ thuật phần mềm (chương trình chất lượng cao),Chất lượng cao,ML007,Logic học đại cương,2
50,7480103C,Kỹ thuật phần mềm (chương trình chất lượng cao),Chất lượng cao,XH028,Xã hội học đại cương,2
50,7480103C,Kỹ thuật phần mềm (chương trình chất lượng cao),Chất lượng cao,XH011E,Cơ sở văn hóa Việt Nam,2
50,7480103C,Kỹ thuật phần mềm (chương trình chất lượng cao),Chất lượng cao,XH012,Tiếng Việt thực hành,2
50,7480103C,Kỹ thuật phần mềm (chương trình chất lượng cao),Chất lượng cao,XH014,Văn bản và lưu trữ học đại cương,2
50,7480103C,Kỹ thuật phần mềm (chương trình chất lượng cao),Chất lượng cao,KN001E,Kỹ năng mềm,2
50,7480103C,Kỹ thuật phần mềm (chương trình chất lượng cao),Chất lượng cao,CT052H,Đại số tuyến tính và hình học,3
50,7480103C,Kỹ thuật phần mềm (chương trình chất lượng cao),Chất lượng cao,CT053H,Xác suất thống kê,3
50,7480103C,Kỹ thuật phần mềm (chương trình chất lượng cao),Chất lượng cao,CT051H,Vi - Tích phân,4
50,7480103C,Kỹ thuật phần mềm (chương trình chất lượng cao),Chất lượng cao,CT103H,Nền tảng công nghệ thông tin,3
50,7480103C,Kỹ thuật phần mềm (chương trình chất lượng cao),Chất lượng cao,CT054H,Lập trình căn bản A,4
50,7480103C,Kỹ thuật phần mềm (chương trình chất lượng cao),Chất lượng cao,CT111H,Kỹ năng học đại học,3
50,7480103C,Kỹ thuật phần mềm (chương trình chất lượng cao),Chất lượng cao,CT101H,Toán cho khoa học máy tính,4
50,7480103C,Kỹ thuật phần mềm (chương trình chất lượng cao),Chất lượng cao,CT177H,Cấu trúc dữ liệu,3
50,7480103C,Kỹ thuật phần mềm (chương trình chất lượng cao),Chất lượng cao,CT104H,Nguyên lý hệ điều hành,3
50,7480103C,Kỹ thuật phần mềm (chương trình chất lượng cao),Chất lượng cao,CT113H,Cơ sở dữ liệu NoSQL,3
50,7480103C,Kỹ thuật phần mềm (chương trình chất lượng cao),Chất lượng cao,CT106H,Mạng máy tính,3
50,7480103C,Kỹ thuật phần mềm (chương trình chất lượng cao),Chất lượng cao,CT114H,Nhập môn công nghệ phần mềm,2
50,7480103C,Kỹ thuật phần mềm (chương trình chất lượng cao),Chất lượng cao,CT108H,Lập trình hướng đối tượng,3
50,7480103C,Kỹ thuật phần mềm (chương trình chất lượng cao),Chất lượng cao,CT109H,Phân tích và thiết kế thuật toán,3
50,7480103C,Kỹ thuật phần mềm (chương trình chất lượng cao),Chất lượng cao,CT110H,Cơ sở dữ liệu,3
50,7480103C,Kỹ thuật phần mềm (chương trình chất lượng cao),Chất lượng cao,CT112H,Phân tích và thiết kế hệ thống,3
50,7480103C,Kỹ thuật phần mềm (chương trình chất lượng cao),Chất lượng cao,CT203H,Quản lý dự án phần mềm,3
50,7480103C,Kỹ thuật phần mềm (chương trình chất lượng cao),Chất lượng cao,CT173H,Kiến trúc máy tính,3
50,7480103C,Kỹ thuật phần mềm (chương trình chất lượng cao),Chất lượng cao,CT175H,Lý thuyết đồ thị,3
50,7480103C,Kỹ thuật phần mềm (chương trình chất lượng cao),Chất lượng cao,CT217H,Phân tích và Thiết kế phần mềm,4
50,7480103C,Kỹ thuật phần mềm (chương trình chất lượng cao),Chất lượng cao,CT218H,Lập trình ứng dụng với Java,3
50,7480103C,Kỹ thuật phần mềm (chương trình chất lượng cao),Chất lượng cao,CT219H,Lập trình ứng dụng với .NET,3
50,7480103C,Kỹ thuật phần mềm (chương trình chất lượng cao),Chất lượng cao,CT214H,Lập trình Web,3
50,7480103C,Kỹ thuật phần mềm (chương trình chất lượng cao),Chất lượng cao,CT220H,Lập trình di động đa nền tảng,3
50,7480103C,Kỹ thuật phần mềm (chương trình chất lượng cao),Chất lượng cao,CT243H,Đảm bảo chất lượng và Kiểm thử phần mềm,4
50,7480103C,Kỹ thuật phần mềm (chương trình chất lượng cao),Chất lượng cao,CT244H,Bảo trì phần mềm,2
50,7480103C,Kỹ thuật phần mềm (chương trình chất lượng cao),Chất lượng cao,CT287H,Kiểm chứng mô hình,3
50,7480103C,Kỹ thuật phần mềm (chương trình chất lượng cao),Chất lượng cao,CT221H,Nguyên lý hệ quản trị cơ sở dữ liệu,3
50,7480103C,Kỹ thuật phần mềm (chương trình chất lượng cao),Chất lượng cao,CT239H,Niên luận cơ sở ngành,3
50,7480103C,Kỹ thuật phần mềm (chương trình chất lượng cao),Chất lượng cao,CT250H,Niên luận chuyên ngành,3
50,7480103C,Kỹ thuật phần mềm (chương trình chất lượng cao),Chất lượng cao,CT222H,Nền tảng phát triển ứng dụng,3
50,7480103C,Kỹ thuật phần mềm (chương trình chất lượng cao),Chất lượng cao,CT474H,Thực tập doanh nghiệp - KTPM,3
50,7480103C,Kỹ thuật phần mềm (chương trình chất lượng cao),Chất lượng cao,CT594H,Luận văn tốt nghiệp - KTPMCLC,15
50,7480103C,Kỹ thuật phần mềm (chương trình chất lượng cao),Chất lượng cao,CT223H,Nền tảng Trí tuệ nhân tạo,3
50,7480103C,Kỹ thuật phần mềm (chương trình chất lượng cao),Chất lượng cao,CT295H,Nền tảng phần mềm nhúng và IoT,3
50,7480103C,Kỹ thuật phần mềm (chương trình chất lượng cao),Chất lượng cao,CT224H,Phân tích dữ liệu lớn,3
50,7480103C,Kỹ thuật phần mềm (chương trình chất lượng cao),Chất lượng cao,CT305H,Lập trình mạng,3
50,7480103C,Kỹ thuật phần mềm (chương trình chất lượng cao),Chất lượng cao,CT228H,Nền tảng An ninh mạng,3
50,7480103C,Kỹ thuật phần mềm (chương trình chất lượng cao),Chất lượng cao,CT226H,Lập trình trí tuệ nhân tạo với Python,3
50,7480103C,Kỹ thuật phần mềm (chương trình chất lượng cao),Chất lượng cao,CT227H,Máy học và ứng dụng,3
50,7480103C,Kỹ thuật phần mềm (chương trình chất lượng cao),Chất lượng cao,CT255H,Nghiệp vụ thông minh,3
50,7480103C,Kỹ thuật phần mềm (chương trình chất lượng cao),Chất lượng cao,CT225H,Lập trình song song với CUDA,3
50,7480103C,Kỹ thuật phần mềm (chương trình chất lượng cao),Chất lượng cao,CT055H,Kỹ năng giao tiếp,1
50,7480103C,Kỹ thuật phần mềm (chương trình chất lượng cao),Chất lượng cao,CT056H,Kỹ năng thuyết trình,1
50,7480103C,Kỹ thuật phần mềm (chương trình chất lượng cao),Chất lượng cao,CT509H,Kỹ năng tư duy phản biện,1
50,7480103C,Kỹ thuật phần mềm (chương trình chất lượng cao),Chất lượng cao,CT191,Luật công nghệ thông tin và đạo đức nghề nghiệp,1
50,7480102,Mạng máy tính và truyền thông dữ liệu,Đại trà,QP010E,Giáo dục quốc phòng và An ninh 1,2
50,7480102,Mạng máy tính và truyền thông dữ liệu,Đại trà,QP011E,Giáo dục quốc phòng và An ninh 2,2
50,7480102,Mạng máy tính và truyền thông dữ liệu,Đại trà,QP012,Giáo dục quốc phòng và An ninh 3,2
50,7480102,Mạng máy tính và truyền thông dữ liệu,Đại trà,QP013,Giáo dục quốc phòng và An ninh 4,2
50,7480102,Mạng máy tính và truyền thông dữ liệu,Đại trà,TC009,Bóng bàn 1,1
50,7480102,Mạng máy tính và truyền thông dữ liệu,Đại trà,TC010,Bóng bàn 2,1
50,7480102,Mạng máy tính và truyền thông dữ liệu,Đại trà,TC022,Bóng bàn 3,1
50,7480102,Mạng máy tính và truyền thông dữ liệu,Đại trà,TC005,Bóng chuyền 1,1
50,7480102,Mạng máy tính và truyền thông dữ liệu,Đại trà,TC006,Bóng chuyền 2,1
50,7480102,Mạng máy tính và truyền thông dữ liệu,Đại trà,TC020,Bóng chuyền 3,1
50,7480102,Mạng máy tính và truyền thông dữ liệu,Đại trà,TC007,Bóng đá 1,1
50,7480102,Mạng máy tính và truyền thông dữ liệu,Đại trà,TC008,Bóng đá 2,1
50,7480102,Mạng máy tính và truyền thông dữ liệu,Đại trà,TC021,Bóng đá 3,1
50,7480102,Mạng máy tính và truyền thông dữ liệu,Đại trà,TC028,Bóng rổ 1,1
50,7480102,Mạng máy tính và truyền thông dữ liệu,Đại trà,TC029,Bóng rổ 2,1
50,7480102,Mạng máy tính và truyền thông dữ liệu,Đại trà,TC030,Bóng rổ 3,1
50,7480102,Mạng máy tính và truyền thông dữ liệu,Đại trà,TC011,Cầu lông 1,1
50,7480102,Mạng máy tính và truyền thông dữ liệu,Đại trà,TC012,Cầu lông 2,1
50,7480102,Mạng máy tính và truyền thông dữ liệu,Đại trà,TC023,Cầu lông 3,1
50,7480102,Mạng máy tính và truyền thông dữ liệu,Đại trà,TC025,Cờ vua 1,1
50,7480102,Mạng máy tính và truyền thông dữ liệu,Đại trà,TC026,Cờ vua 2,1
50,7480102,Mạng máy tính và truyền thông dữ liệu,Đại trà,TC027,Cờ vua 3,1
50,7480102,Mạng máy tính và truyền thông dữ liệu,Đại trà,TC001,Điền kinh 1,1
50,7480102,Mạng máy tính và truyền thông dữ liệu,Đại trà,TC002,Điền kinh 2,1
50,7480102,Mạng máy tính và truyền thông dữ liệu,Đại trà,TC024,Điền kinh 3,1
50,7480102,Mạng máy tính và truyền thông dữ liệu,Đại trà,TC003,Taekwondo 1,1
50,7480102,Mạng máy tính và truyền thông dữ liệu,Đại trà,TC004,Taekwondo 2,1
50,7480102,Mạng máy tính và truyền thông dữ liệu,Đại trà,TC019,Taekwondo 3,1
50,7480102,Mạng máy tính và truyền thông dữ liệu,Đại trà,TC031,Tennis 1,1
50,7480102,Mạng máy tính và truyền thông dữ liệu,Đại trà,TC032,Tennis 2,1
50,7480102,Mạng máy tính và truyền thông dữ liệu,Đại trà,TC033,Tennis 3,1
50,7480102,Mạng máy tính và truyền thông dữ liệu,Đại trà,TC016,Thể dục nhịp điệu 1,1
50,7480102,Mạng máy tính và truyền thông dữ liệu,Đại trà,TC017,Thể dục nhịp điệu 2,1
50,7480102,Mạng máy tính và truyền thông dữ liệu,Đại trà,TC018,Thể dục nhịp điệu 3,1
50,7480102,Mạng máy tính và truyền thông dữ liệu,Đại trà,XH023,Anh văn căn bản 1,4
50,7480102,Mạng máy tính và truyền thông dữ liệu,Đại trà,XH024,Anh văn căn bản 2,3
50,7480102,Mạng máy tính và truyền thông dữ liệu,Đại trà,XH025,Anh văn căn bản 3,3
50,7480102,Mạng máy tính và truyền thông dữ liệu,Đại trà,XH031,Anh văn tăng cường 1,4
50,7480102,Mạng máy tính và truyền thông dữ liệu,Đại trà,XH032,Anh văn tăng cường 2,3
50,7480102,Mạng máy tính và truyền thông dữ liệu,Đại trà,XH033,Anh văn tăng cường 3,3
50,7480102,Mạng máy tính và truyền thông dữ liệu,Đại trà,FL001,Pháp văn căn bản 1,4
50,7480102,Mạng máy tính và truyền thông dữ liệu,Đại trà,FL002,Pháp văn căn bản 2,3
50,7480102,Mạng máy tính và truyền thông dữ liệu,Đại trà,FL003,Pháp văn căn bản 3,3
50,7480102,Mạng máy tính và truyền thông dữ liệu,Đại trà,FL007,Pháp văn tăng cường 1,4
50,7480102,Mạng máy tính và truyền thông dữ liệu,Đại trà,FL008,Pháp văn tăng cường 2,3
50,7480102,Mạng máy tính và truyền thông dữ liệu,Đại trà,FL009,Pháp văn tăng cường 3,3
50,7480102,Mạng máy tính và truyền thông dữ liệu,Đại trà,ML014,Triết học Mác - Lênin,3
50,7480102,Mạng máy tính và truyền thông dữ liệu,Đại trà,ML016,Kinh tế chính trị Mác - Lênin,2
50,7480102,Mạng máy tính và truyền thông dữ liệu,Đại trà,ML018,Chủ nghĩa xã hội khoa học,2
50,7480102,Mạng máy tính và truyền thông dữ liệu,Đại trà,ML019,Lịch sử Đảng Cộng sản Việt Nam,2
50,7480102,Mạng máy tính và truyền thông dữ liệu,Đại trà,ML021,Tư tưởng Hồ Chí Minh,2
50,7480102,Mạng máy tính và truyền thông dữ liệu,Đại trà,KL001E,Pháp luật đại cương,2
50,7480102,Mạng máy tính và truyền thông dữ liệu,Đại trà,ML007,Logic học đại cương,2
50,7480102,Mạng máy tính và truyền thông dữ liệu,Đại trà,XH028,Xã hội học đại cương,2
50,7480102,Mạng máy tính và truyền thông dữ liệu,Đại trà,XH011,Cơ sở văn hóa Việt Nam,2
50,7480102,Mạng máy tính và truyền thông dữ liệu,Đại trà,XH012,Tiếng Việt thực hành,2
50,7480102,Mạng máy tính và truyền thông dữ liệu,Đại trà,XH014,Văn bản và lưu trữ học đại cương,2
50,7480102,Mạng máy tính và truyền thông dữ liệu,Đại trà,KN001E,Kỹ năng mềm,2
50,7480102,Mạng máy tính và truyền thông dữ liệu,Đại trà,KN002E,Đổi mới sáng tạo và khởi nghiệp,2
50,7480102,Mạng máy tính và truyền thông dữ liệu,Đại trà,TN001,Vi - Tích phân A1,3
50,7480102,Mạng máy tính và truyền thông dữ liệu,Đại trà,TN002,Vi - Tích phân A2,4
50,7480102,Mạng máy tính và truyền thông dữ liệu,Đại trà,TN010,Xác suất thống kê,3
50,7480102,Mạng máy tính và truyền thông dữ liệu,Đại trà,TN012,Đại số tuyến tính và hình học,4
50,7480102,Mạng máy tính và truyền thông dữ liệu,Đại trà,CT100,Kỹ năng học đại học,2
50,7480102,Mạng máy tính và truyền thông dữ liệu,Đại trà,CT200,Nền tảng công nghệ thông tin,4
50,7480102,Mạng máy tính và truyền thông dữ liệu,Đại trà,CT172,Toán rời rạc,4
50,7480102,Mạng máy tính và truyền thông dữ liệu,Đại trà,CT101,Lập trình căn bản A,4
50,7480102,Mạng máy tính và truyền thông dữ liệu,Đại trà,CT177,Cấu trúc dữ liệu,3
50,7480102,Mạng máy tính và truyền thông dữ liệu,Đại trà,CT175,Lý thuyết đồ thị,3
50,7480102,Mạng máy tính và truyền thông dữ liệu,Đại trà,CT174,Phân tích và thiết kế thuật toán,3
50,7480102,Mạng máy tính và truyền thông dữ liệu,Đại trà,CT180,Cơ sở dữ liệu,3
50,7480102,Mạng máy tính và truyền thông dữ liệu,Đại trà,CT173,Kiến trúc máy tính,3
50,7480102,Mạng máy tính và truyền thông dữ liệu,Đại trà,CT178,Nguyên lý hệ điều hành,3
50,7480102,Mạng máy tính và truyền thông dữ liệu,Đại trà,CT112,Mạng máy tính,3
50,7480102,Mạng máy tính và truyền thông dữ liệu,Đại trà,CT176,Lập trình hướng đối tượng,3
50,7480102,Mạng máy tính và truyền thông dữ liệu,Đại trà,CT296,Phân tích và thiết kế hệ thống thông tin,3
50,7480102,Mạng máy tính và truyền thông dữ liệu,Đại trà,CT182,Ngôn ngữ mô hình hóa,3
50,7480102,Mạng máy tính và truyền thông dữ liệu,Đại trà,CT179,Quản trị hệ thống,3
50,7480102,Mạng máy tính và truyền thông dữ liệu,Đại trà,CT188,Nhập môn lập trình Web,3
50,7480102,Mạng máy tính và truyền thông dữ liệu,Đại trà,CT190,Nhập môn trí tuệ nhân tạo,2
50,7480102,Mạng máy tính và truyền thông dữ liệu,Đại trà,CT335,Thiết kế và cài đặt mạng,3
50,7480102,Mạng máy tính và truyền thông dữ liệu,Đại trà,CT212,Quản trị mạng,3
50,7480102,Mạng máy tính và truyền thông dữ liệu,Đại trà,CT428,Lập trình Web,3
50,7480102,Mạng máy tính và truyền thông dữ liệu,Đại trà,CT221,Lập trình mạng,3
50,7480102,Mạng máy tính và truyền thông dữ liệu,Đại trà,CT211,An ninh mạng,3
50,7480102,Mạng máy tính và truyền thông dữ liệu,Đại trà,CT126,Lý thuyết xếp hàng,2
50,7480102,Mạng máy tính và truyền thông dữ liệu,Đại trà,CT127,Lý thuyết thông tin,2
50,7480102,Mạng máy tính và truyền thông dữ liệu,Đại trà,CT479,Phương pháp tính,3
50,7480102,Mạng máy tính và truyền thông dữ liệu,Đại trà,CT121,Tin học lý thuyết,3
50,7480102,Mạng máy tính và truyền thông dữ liệu,Đại trà,CT224,Công nghệ J2EE,2
50,7480102,Mạng máy tính và truyền thông dữ liệu,Đại trà,CT225,Lập trình Python,2
50,7480102,Mạng máy tính và truyền thông dữ liệu,Đại trà,CT274,Lập trình cho thiết bị di động,3
50,7480102,Mạng máy tính và truyền thông dữ liệu,Đại trà,CT226E,Niên luận cơ sở mạng máy tính và truyền thông,3
50,7480102,Mạng máy tính và truyền thông dữ liệu,Đại trà,CT439E,Niên luận mạng máy tính và truyền thông,3
50,7480102,Mạng máy tính và truyền thông dữ liệu,Đại trà,CT233,Điện toán đám mây,3
50,7480102,Mạng máy tính và truyền thông dữ liệu,Đại trà,CT517E,Thực tập doanh nghiệp - MMT&TTDL,5
50,7480102,Mạng máy tính và truyền thông dữ liệu,Đại trà,CT227,Kỹ thuật phát hiện tấn công mạng,3
50,7480102,Mạng máy tính và truyền thông dữ liệu,Đại trà,CT228,Tường lửa,3
50,7480102,Mạng máy tính và truyền thông dữ liệu,Đại trà,CT490,An ninh Web,3
50,7480102,Mạng máy tính và truyền thông dữ liệu,Đại trà,CT222,An toàn hệ thống,3
50,7480102,Mạng máy tính và truyền thông dữ liệu,Đại trà,CT344,Giải quyết sự cố mạng,2
50,7480102,Mạng máy tính và truyền thông dữ liệu,Đại trà,CT232,Đánh giá hiệu năng mạng,3
50,7480102,Mạng máy tính và truyền thông dữ liệu,Đại trà,CT207,Phát triển phần mềm mã nguồn mở,3
50,7480102,Mạng máy tính và truyền thông dữ liệu,Đại trà,CT230,Phát triển ứng dụng hướng dịch vụ,3
50,7480102,Mạng máy tính và truyền thông dữ liệu,Đại trà,CT231,Lập trình song song,3
50,7480102,Mạng máy tính và truyền thông dữ liệu,Đại trà,CT098,Phát triển ứng dụng IoT,3
50,7480102,Mạng máy tính và truyền thông dữ liệu,Đại trà,CT482,Xử lý dữ liệu lớn,3
50,7480102,Mạng máy tính và truyền thông dữ liệu,Đại trà,CT555E,Luận văn tốt nghiệp - TT&MMT,15
50,7480102,Mạng máy tính và truyền thông dữ liệu,Đại trà,CT507E,Tiểu luận tốt nghiệp - TT&MMT,6
50,7480102,Mạng máy tính và truyền thông dữ liệu,Đại trà,CT338,Mạng không dây và di động,2
50,7480102,Mạng máy tính và truyền thông dữ liệu,Đại trà,CT223,Quản lý dự án phần mềm,3
50,7480102,Mạng máy tính và truyền thông dữ liệu,Đại trà,CT235,Quản trị mạng trên MS Windows,3
50,7480102,Mạng máy tính và truyền thông dữ liệu,Đại trà,CT205,Quản trị cơ sở dữ liệu,3
50,7480102,Mạng máy tính và truyền thông dữ liệu,Đại trà,CT297,Pháp y máy tính,3
50,7480102,Mạng máy tính và truyền thông dữ liệu,Đại trà,CT251,Phát triển ứng dụng trên Windows,3
50,7480102,Mạng máy tính và truyền thông dữ liệu,Đại trà,CT206,Phát triển ứng dụng trên Linux,3
50,7480102,Mạng máy tính và truyền thông dữ liệu,Đại trà,CT238,Phân lớp dữ liệu lớn,3
50,7480102,Mạng máy tính và truyền thông dữ liệu,Đại trà,CT332,Trí tuệ nhân tạo,3
50,7480102,Mạng máy tính và truyền thông dữ liệu,Đại trà,CT294,Máy học ứng dụng,3
50,7480102,Mạng máy tính và truyền thông dữ liệu,Đại trà,CT273,Giao diện người - máy,3
50,7320104,Truyền thông đa phương tiện,Đại trà,QP010E,Giáo dục quốc phòng và An ninh 1,2
50,7320104,Truyền thông đa phương tiện,Đại trà,QP011E,Giáo dục quốc phòng và An ninh 2,2
50,7320104,Truyền thông đa phương tiện,Đại trà,QP012,Giáo dục quốc phòng và An ninh 3,2
50,7320104,Truyền thông đa phương tiện,Đại trà,QP013,Giáo dục quốc phòng và An ninh 4,2
50,7320104,Truyền thông đa phương tiện,Đại trà,TC009,Bóng bàn 1,1
50,7320104,Truyền thông đa phương tiện,Đại trà,TC010,Bóng bàn 2,1
50,7320104,Truyền thông đa phương tiện,Đại trà,TC022,Bóng bàn 3,1
50,7320104,Truyền thông đa phương tiện,Đại trà,TC005,Bóng chuyền 1,1
50,7320104,Truyền thông đa phương tiện,Đại trà,TC006,Bóng chuyền 2,1
50,7320104,Truyền thông đa phương tiện,Đại trà,TC020,Bóng chuyền 3,1
50,7320104,Truyền thông đa phương tiện,Đại trà,TC007,Bóng đá 1,1
50,7320104,Truyền thông đa phương tiện,Đại trà,TC008,Bóng đá 2,1
50,7320104,Truyền thông đa phương tiện,Đại trà,TC021,Bóng đá 3,1
50,7320104,Truyền thông đa phương tiện,Đại trà,TC028,Bóng rổ 1,1
50,7320104,Truyền thông đa phương tiện,Đại trà,TC029,Bóng rổ 2,1
50,7320104,Truyền thông đa phương tiện,Đại trà,TC030,Bóng rổ 3,1
50,7320104,Truyền thông đa phương tiện,Đại trà,TC011,Cầu lông 1,1
50,7320104,Truyền thông đa phương tiện,Đại trà,TC012,Cầu lông 2,1
50,7320104,Truyền thông đa phương tiện,Đại trà,TC023,Cầu lông 3,1
50,7320104,Truyền thông đa phương tiện,Đại trà,TC025,Cờ vua 1,1
50,7320104,Truyền thông đa phương tiện,Đại trà,TC026,Cờ vua 2,1
50,7320104,Truyền thông đa phương tiện,Đại trà,TC027,Cờ vua 3,1
50,7320104,Truyền thông đa phương tiện,Đại trà,TC001,Điền kinh 1,1
50,7320104,Truyền thông đa phương tiện,Đại trà,TC002,Điền kinh 2,1
50,7320104,Truyền thông đa phương tiện,Đại trà,TC024,Điền kinh 3,1
50,7320104,Truyền thông đa phương tiện,Đại trà,TC003,Taekwondo 1,1
50,7320104,Truyền thông đa phương tiện,Đại trà,TC004,Taekwondo 2,1
50,7320104,Truyền thông đa phương tiện,Đại trà,TC019,Taekwondo 3,1
50,7320104,Truyền thông đa phương tiện,Đại trà,TC031,Tennis 1,1
50,7320104,Truyền thông đa phương tiện,Đại trà,TC032,Tennis 2,1
50,7320104,Truyền thông đa phương tiện,Đại trà,TC033,Tennis 3,1
50,7320104,Truyền thông đa phương tiện,Đại trà,TC016,Thể dục nhịp điệu 1,1
50,7320104,Truyền thông đa phương tiện,Đại trà,TC017,Thể dục nhịp điệu 2,1
50,7320104,Truyền thông đa phương tiện,Đại trà,TC018,Thể dục nhịp điệu 3,1
50,7320104,Truyền thông đa phương tiện,Đại trà,XH023,Anh văn căn bản 1,4
50,7320104,Truyền thông đa phương tiện,Đại trà,XH024,Anh văn căn bản 2,3
50,7320104,Truyền thông đa phương tiện,Đại trà,XH025,Anh văn căn bản 3,3
50,7320104,Truyền thông đa phương tiện,Đại trà,XH031,Anh văn tăng cường 1,4
50,7320104,Truyền thông đa phương tiện,Đại trà,XH032,Anh văn tăng cường 2,3
50,7320104,Truyền thông đa phương tiện,Đại trà,XH033,Anh văn tăng cường 3,3
50,7320104,Truyền thông đa phương tiện,Đại trà,FL001,Pháp văn căn bản 1,4
50,7320104,Truyền thông đa phương tiện,Đại trà,FL002,Pháp văn căn bản 2,3
50,7320104,Truyền thông đa phương tiện,Đại trà,FL003,Pháp văn căn bản 3,3
50,7320104,Truyền thông đa phương tiện,Đại trà,FL007,Pháp văn tăng cường 1,4
50,7320104,Truyền thông đa phương tiện,Đại trà,FL008,Pháp văn tăng cường 2,3
50,7320104,Truyền thông đa phương tiện,Đại trà,FL009,Pháp văn tăng cường 3,3
50,7320104,Truyền thông đa phương tiện,Đại trà,ML014,Triết học Mác - Lênin,3
50,7320104,Truyền thông đa phương tiện,Đại trà,ML016,Kinh tế chính trị Mác - Lênin,2
50,7320104,Truyền thông đa phương tiện,Đại trà,ML018,Chủ nghĩa xã hội khoa học,2
50,7320104,Truyền thông đa phương tiện,Đại trà,ML019,Lịch sử Đảng Cộng sản Việt Nam,2
50,7320104,Truyền thông đa phương tiện,Đại trà,ML021,Tư tưởng Hồ Chí Minh,2
50,7320104,Truyền thông đa phương tiện,Đại trà,KL001E,Pháp luật đại cương,2
50,7320104,Truyền thông đa phương tiện,Đại trà,ML007,Logic học đại cương,2
50,7320104,Truyền thông đa phương tiện,Đại trà,XH028,Xã hội học đại cương,2
50,7320104,Truyền thông đa phương tiện,Đại trà,XH011,Cơ sở văn hóa Việt Nam,2
50,7320104,Truyền thông đa phương tiện,Đại trà,XH012,Tiếng Việt thực hành,2
50,7320104,Truyền thông đa phương tiện,Đại trà,XH014,Văn bản và lưu trữ học đại cương,2
50,7320104,Truyền thông đa phương tiện,Đại trà,KN001E,Kỹ năng mềm,2
50,7320104,Truyền thông đa phương tiện,Đại trà,KN002E,Đổi mới sáng tạo và khởi nghiệp,2
50,7320104,Truyền thông đa phương tiện,Đại trà,CT200,Nền tảng công nghệ thông tin,4
50,7320104,Truyền thông đa phương tiện,Đại trà,CT100,Kỹ năng học đại học,2
50,7320104,Truyền thông đa phương tiện,Đại trà,CT083,Ngôn ngữ truyền thông,2
50,7320104,Truyền thông đa phương tiện,Đại trà,XH016,Mỹ học đại cương,2
50,7320104,Truyền thông đa phương tiện,Đại trà,XH446,Tổ chức sự kiện,2
50,7320104,Truyền thông đa phương tiện,Đại trà,XH447,Quan hệ công chúng,2
50,7320104,Truyền thông đa phương tiện,Đại trà,KL100,Pháp luật và đạo đức báo chí truyền thông,2
50,7320104,Truyền thông đa phương tiện,Đại trà,CT193,Kỹ thuật quay phim chụp hình và xử lý hậu kỳ,3
50,7320104,Truyền thông đa phương tiện,Đại trà,CT194,Biên tập Audio Video,2
50,7320104,Truyền thông đa phương tiện,Đại trà,CT088,Nhập môn Tiếp thị kỹ thuật số,3
50,7320104,Truyền thông đa phương tiện,Đại trà,CT180,Cơ sở dữ liệu,3
50,7320104,Truyền thông đa phương tiện,Đại trà,CT094,Quy trình sáng tạo sản phẩm đa phương tiện,3
50,7320104,Truyền thông đa phương tiện,Đại trà,CT499,"Thiết kế UI,UX",3
50,7320104,Truyền thông đa phương tiện,Đại trà,CT084,Cơ sở kỹ thuật đồ họa,2
50,7320104,Truyền thông đa phương tiện,Đại trà,CT087,Nền tảng Kỹ xảo điện ảnh,2
50,7320104,Truyền thông đa phương tiện,Đại trà,CT509,Truyền thông trên Internet,3
50,7320104,Truyền thông đa phương tiện,Đại trà,CT085,Nhập môn Truyền thông đa phương tiện,3
50,7320104,Truyền thông đa phương tiện,Đại trà,CT196,"Dựng hình 2D, 3D",3
50,7320104,Truyền thông đa phương tiện,Đại trà,CT101,Lập trình căn bản A,4
50,7320104,Truyền thông đa phương tiện,Đại trà,CT176,Lập trình hướng đối tượng,3
50,7320104,Truyền thông đa phương tiện,Đại trà,CT188,Nhập môn lập trình Web,3
50,7320104,Truyền thông đa phương tiện,Đại trà,CT086,Nhập môn Web Đa phương tiện,3
50,7320104,Truyền thông đa phương tiện,Đại trà,CT089,Nhập môn Lập trình đa phương tiện,4
50,7320104,Truyền thông đa phương tiện,Đại trà,CT092,Kỹ thuật dựng phim ảnh kỹ thuật số,3
50,7320104,Truyền thông đa phương tiện,Đại trà,CT093,Kỹ xảo điện ảnh,3
50,7320104,Truyền thông đa phương tiện,Đại trà,CT095,Dự án phim hoạt hình 3D,3
50,7320104,Truyền thông đa phương tiện,Đại trà,CT096,Tiếp thị nội dung,3
50,7320104,Truyền thông đa phương tiện,Đại trà,CT097,Phát triển ứng dụng Web nâng cao,3
50,7320104,Truyền thông đa phương tiện,Đại trà,CT523,Phát triển ứng dụng Web đa phương tiện,3
50,7320104,Truyền thông đa phương tiện,Đại trà,CT524,Hệ thống quản trị nội dung,3
50,7320104,Truyền thông đa phương tiện,Đại trà,CT525,Thực tế tăng cường,3
50,7320104,Truyền thông đa phương tiện,Đại trà,CT526,Triển khai ứng dụng Thương mại điện tử,3
50,7320104,Truyền thông đa phương tiện,Đại trà,CT527,Thiết kế đồ họa ứng dụng quảng cáo thương hiệu,3
50,7320104,Truyền thông đa phương tiện,Đại trà,CT498,Xây dựng trò chơi đa phương tiện,3
50,7320104,Truyền thông đa phương tiện,Đại trà,CT528,Phát triển trò chơi đa phương tiện,3
50,7320104,Truyền thông đa phương tiện,Đại trà,CT529,Quản trị dự án Truyền thông đa phương tiện,3
50,7320104,Truyền thông đa phương tiện,Đại trà,CT530,Chuyên đề báo chí Văn hóa,2
50,7320104,Truyền thông đa phương tiện,Đại trà,CT531,Chuyên đề báo chí Sự kiện,2
50,7320104,Truyền thông đa phương tiện,Đại trà,CT532,Chuyên đề báo chí Du lịch,2
50,7320104,Truyền thông đa phương tiện,Đại trà,CT195,Thiết kế ấn phẩm báo chí,2
50,7320104,Truyền thông đa phương tiện,Đại trà,CT495,Dựng phim hoạt hình,3
50,7320104,Truyền thông đa phương tiện,Đại trà,CT496,Kịch bản truyền hình,3
50,7320104,Truyền thông đa phương tiện,Đại trà,CT497,Thiết kế quảng cáo truyền hình,3
50,7320104,Truyền thông đa phương tiện,Đại trà,CT500E,Niên luận cơ sở - TTDPT,3
50,7320104,Truyền thông đa phương tiện,Đại trà,CT502E,Niên luận - TTDPT,3
50,7320104,Truyền thông đa phương tiện,Đại trà,CT508E,Thực tập doanh nghiệp - TTDPT,5
50,7320104,Truyền thông đa phương tiện,Đại trà,CT557E,Luận văn tốt nghiệp - TTDPT,15
50,7320104,Truyền thông đa phương tiện,Đại trà,CT521E,Tiểu luận tốt nghiệp - TTDPT,6
50,7320104,Truyền thông đa phương tiện,Đại trà,CT533,Kỹ năng biên tập,3
50,7320104,Truyền thông đa phương tiện,Đại trà,TV333E,Xuất bản điện tử,2
50,7320104,Truyền thông đa phương tiện,Đại trà,CT534,Thiết kế nhãn hiệu,2
50,7320104,Truyền thông đa phương tiện,Đại trà,CT535,Tiếp thị trên mạng xã hội,3
50,7320104,Truyền thông đa phương tiện,Đại trà,CT536,Kịch bản truyền thông,3
50,7320104,Truyền thông đa phương tiện,Đại trà,TV319,Kinh doanh xuất bản phẩm,2
50,7320104,Truyền thông đa phương tiện,Đại trà,CT537,Thực tế báo chí,2
50,7320104,Truyền thông đa phương tiện,Đại trà,CT538,Kỹ năng truyền thông giao tiếp,3
50,7320104,Truyền thông đa phương tiện,Đại trà,CT190,Nhập môn trí tuệ nhân tạo,2
